partner,media,replicate,intermixing_indices,rings,mean_intermixing,sector_size_Oa,sector_size_partner,oa_frequency
AlFa,GluT,1,"[0, 0, 0, 0, 0, 0, 0, 0, 0, 0, 0, 0, 0, 0, 0, 0, 0, 0, 0, 0, 0, 0, 0, 0, 0, 0, 0, 0, 0]","[52.5, 57.5, 62.5, 67.5, 72.5, 77.5, 82.5, 87.5, 92.5, 97.5, 102.5, 107.5, 112.5, 117.5, 122.5, 127.5, 132.5, 137.5, 142.5, 147.5, 152.5, 157.5, 162.5, 167.5, 172.5, 177.5, 182.5, 187.5, 192.5]",0.0,2654.996429815395,2.3577125939194907,0.9993398852519176
AlFa,GluT,2,"[0, 0, 0, 0, 0, 0, 0, 0, 0, 0, 0, 0, 0, 0, 0, 0, 0, 0, 0, 0, 0, 0, 0, 0, 0, 0, 0, 0, 0, 0, 0, 0]","[52.5, 57.5, 62.5, 67.5, 72.5, 77.5, 82.5, 87.5, 92.5, 97.5, 102.5, 107.5, 112.5, 117.5, 122.5, 127.5, 132.5, 137.5, 142.5, 147.5, 152.5, 157.5, 162.5, 167.5, 172.5, 177.5, 182.5, 187.5, 192.5, 197.5, 202.5, 207.5]",0.0,2525.008541073585,8.783432108350585,0.9962564503771926
AlFa,GluT,3,"[0, 0, 0, 0, 0, 0, 0, 0, 0, 0, 0, 0, 0, 0, 0]","[52.5, 57.5, 62.5, 67.5, 72.5, 77.5, 82.5, 87.5, 92.5, 97.5, 102.5, 107.5, 112.5, 117.5, 122.5]",0.0,3701.8111764705886,5.807581699346405,0.9995637696121912
AlFa,Glu,1,"[0.01764135361636613, 0.01466622610846892, 0.02006715621362012, 0.011313253710434476, 0.012703670629717521, 0.019364429599331365, 0.027837706449602994, 0.023558783165017232, 0.021673588904471713, 0.026085580669033156, 0.03748007328827398, 0.0297654701183412, 0.03312131340767728, 0.018857263966630178, 0.03697184310464005, 0.043524394398513924, 0.03951311093229351, 0.05673639700425874, 0.06966318892572303, 0.06652898580437479, 0.07796677368167161, 0.08224288152039325, 0.10556654461622483, 0.07797424383484614, 0.0905842942190381, 0.08138398132966708, 0.08861408833796301, 0.09470486901557049, 0.10538113054454813, 0.10413644248017188, 0.13015414644034237, 0.10247843626058083, 0.12196762797102428, 0.14770826328277564, 0.1709203727392104, 0.17415097629897155, 0.13871517969305666, 0.1556180011338557, 0.167893408437794, 0.17154345926878878, 0.17673312590308823, 0.1896281421254867, 0.19054009043069906, 0.19175370748436565, 0.2098459151336075, 0.22612484652837325, 0.2433313083623592, 0.23852017954830051, 0.22423320822483706, 0.23548278320727453, 0.2556816089613444, 0.2528768753818898, 0.24680039015163927, 0.21665844598425388, 0.20918608655699442, 0.21527562831140373, 0.25784563912809594, 0.21326662622093542, 0.20694511291967, 0.23299263497132172, 0.2827338312457708, 0.31457285913645777, 0.25027164627352866, 0.23348958727237973, 0.27376176236180516, 0.289440768341385, 0.28068982749945465, 0.2735438691635955, 0.24578052621497934, 0.2664342535309606, 0.2670883357019786, 0.3026578878579827, 0.29748852056140734, 0.27774883656653465, 0.2826162068264216, 0.269543426530758, 0.2807322004054718, 0.26309597221719444, 0.32875906298305707, 0.36844311571521604, 0.36690687715032505, 0.32907276097755433, 0.3088528163087728, 0.3612573061125553, 0.26245620676308523, 0.3407342203189779, 0.31676305441426295, 0.35003977549450355, 0.24454977495887836]","[52.5, 57.5, 62.5, 67.5, 72.5, 77.5, 82.5, 87.5, 92.5, 97.5, 102.5, 107.5, 112.5, 117.5, 122.5, 127.5, 132.5, 137.5, 142.5, 147.5, 152.5, 157.5, 162.5, 167.5, 172.5, 177.5, 182.5, 187.5, 192.5, 197.5, 202.5, 207.5, 212.5, 217.5, 222.5, 227.5, 232.5, 237.5, 242.5, 247.5, 252.5, 257.5, 262.5, 267.5, 272.5, 277.5, 282.5, 287.5, 292.5, 297.5, 302.5, 307.5, 312.5, 317.5, 322.5, 327.5, 332.5, 337.5, 342.5, 347.5, 352.5, 357.5, 362.5, 367.5, 372.5, 377.5, 382.5, 387.5, 392.5, 397.5, 402.5, 407.5, 412.5, 417.5, 422.5, 427.5, 432.5, 437.5, 442.5, 447.5, 452.5, 457.5, 462.5, 467.5, 472.5, 477.5, 482.5, 487.5, 492.5]",0.27143539063327904,126.68399878244848,3.209481885051651,0.9453512414059743
AlFa,Glu,2,"[0.012575547438730635, 0.012838935293419604, 0.026264976639117, 0.030348439175069047, 0.023131208173692228, 0.03117092419778882, 0.038627388983015244, 0.03042614373066515, 0.02447692570122705, 0.028118808078519315, 0.03548152995248976, 0.03882985386267726, 0.04703742704314687, 0.0556030173720862, 0.06140726547837658, 0.06279065479853968, 0.07743576998891909, 0.06784102582390777, 0.07169262416220377, 0.09017095656331395, 0.09553346207819308, 0.08713204491954613, 0.08499517281792245, 0.12237442991216342, 0.1270141641020227, 0.14933418167771673, 0.11403684033245322, 0.11406611108923688, 0.1268219635386669, 0.12101135322235512, 0.11878408483294815, 0.15282818997931294, 0.14812956678101316, 0.15709309575602548, 0.17534278912288243, 0.17219731526458226, 0.17661589941540715, 0.16009075625448832, 0.14347627162430662, 0.16416396396045935, 0.18876272141741915, 0.21594870989722886, 0.20409595535921085, 0.19116937601875528, 0.17700043212905206, 0.1944052094393927, 0.21784122437927642, 0.23487874409502496, 0.19481372543529699, 0.20139644498300677, 0.19811587633161037, 0.21465276969381322, 0.21250331028334896, 0.2244595146507208, 0.21119841275923495, 0.21283117786368438, 0.18445087034876573, 0.20660805607681806, 0.20416327413774632, 0.20908594521718105, 0.24746831851417464, 0.21574620726479257, 0.18325739759193435, 0.24761336735156675, 0.2258468358077889, 0.22378595202195523, 0.18148521268987283, 0.18875725039602084, 0.19567614251041468, 0.1611233884284705, 0.17548919124418322, 0.24298332217384264, 0.18922919675551858, 0.19528883973619243, 0.17035919887710832, 0.17196964852962754, 0.19539229222890064]","[52.5, 57.5, 62.5, 67.5, 72.5, 77.5, 82.5, 87.5, 92.5, 97.5, 102.5, 107.5, 112.5, 117.5, 122.5, 127.5, 132.5, 137.5, 142.5, 147.5, 152.5, 157.5, 162.5, 167.5, 172.5, 177.5, 182.5, 187.5, 192.5, 197.5, 202.5, 207.5, 212.5, 217.5, 222.5, 227.5, 232.5, 237.5, 242.5, 247.5, 252.5, 257.5, 262.5, 267.5, 272.5, 277.5, 282.5, 287.5, 292.5, 297.5, 302.5, 307.5, 312.5, 317.5, 322.5, 327.5, 332.5, 337.5, 342.5, 347.5, 352.5, 357.5, 362.5, 367.5, 372.5, 377.5, 382.5, 387.5, 392.5, 397.5, 402.5, 407.5, 412.5, 417.5, 422.5, 427.5, 432.5]",0.20044855764676198,65.62808830543236,3.6740969046650966,0.9005355286664717
AlFa,Glu,3,"[0.013839449074923656, 0.020435299740570012, 0.01992505549868793, 0.01440279042410884, 0.025746228020015586, 0.0323821891207252, 0.04454964631385778, 0.041897373207942054, 0.04348221022684172, 0.059938623838903214, 0.04944315898489673, 0.04020445394792, 0.045567266105077255, 0.058121388760530246, 0.05485341625139206, 0.06165642588218265, 0.08497213268066854, 0.0929112917454836, 0.0822454546828643, 0.08884133649813512, 0.0897518768611655, 0.09835209110519379, 0.11023004943726462, 0.12200989438641928, 0.12142319041247399, 0.105637330809355, 0.12848384867216198, 0.12318095135396646, 0.13205646693925524, 0.12408838112396763, 0.16327653431217698, 0.16808189397374274, 0.16305889413471164, 0.15900011064612268, 0.17292944835543103, 0.16466768487755024, 0.17683724506590975, 0.1714532480836024, 0.1885567066523542, 0.17076716340000372, 0.15796828168923274, 0.14338308681974793, 0.16052512805873315, 0.197144269255837, 0.17496868156589465, 0.14472261242109427, 0.18721808090310693, 0.16849190661080335, 0.1583085990784816, 0.1577089452940934, 0.17813594486515047, 0.16591286781181525, 0.17612101318078752, 0.1547486661675991, 0.1473841717640953, 0.1557092649757271, 0.17224800977775132, 0.16451732863658436, 0.15994845148192466, 0.1415656871089858, 0.16493614738876475, 0.17595419570054163, 0.18412202551607168, 0.15428359613089498, 0.15473212391926877, 0.17165373624641325, 0.12821588305748988, 0.12845157194627257, 0.15536083433082581, 0.16375678095433888, 0.15679667373780073, 0.17077481883809026, 0.15389246323406108, 0.16254650201313264, 0.13864777588247584, 0.16448912963241427, 0.16007116372211935, 0.17795779967399514, 0.1296742554158395]","[52.5, 57.5, 62.5, 67.5, 72.5, 77.5, 82.5, 87.5, 92.5, 97.5, 102.5, 107.5, 112.5, 117.5, 122.5, 127.5, 132.5, 137.5, 142.5, 147.5, 152.5, 157.5, 162.5, 167.5, 172.5, 177.5, 182.5, 187.5, 192.5, 197.5, 202.5, 207.5, 212.5, 217.5, 222.5, 227.5, 232.5, 237.5, 242.5, 247.5, 252.5, 257.5, 262.5, 267.5, 272.5, 277.5, 282.5, 287.5, 292.5, 297.5, 302.5, 307.5, 312.5, 317.5, 322.5, 327.5, 332.5, 337.5, 342.5, 347.5, 352.5, 357.5, 362.5, 367.5, 372.5, 377.5, 382.5, 387.5, 392.5, 397.5, 402.5, 407.5, 412.5, 417.5, 422.5, 427.5, 432.5, 437.5, 442.5]",0.1608453909552065,51.540683867303706,4.27542227211116,0.876720422813483
Ct,GluT,1,"[0, 0, 0, 0, 0, 0, 0, 0, 0, 0, 0, 0, 0, 0, 0, 0, 0, 0, 0, 0, 0, 0, 0, 0, 0, 0]","[52.5, 57.5, 62.5, 67.5, 72.5, 77.5, 82.5, 87.5, 92.5, 97.5, 102.5, 107.5, 112.5, 117.5, 122.5, 127.5, 132.5, 137.5, 142.5, 147.5, 152.5, 157.5, 162.5, 167.5, 172.5, 177.5]",0.0,4782.608319513028,3.5662936217394057,0.9982230171542723
Ct,GluT,2,"[0, 0, 0, 0, 0, 0, 0, 0, 0, 0, 0, 0, 0, 0, 0, 0, 0, 0, 0, 0, 0, 0, 0, 0, 0, 0, 0, 0, 0, 0, 0, 0]","[52.5, 57.5, 62.5, 67.5, 72.5, 77.5, 82.5, 87.5, 92.5, 97.5, 102.5, 107.5, 112.5, 117.5, 122.5, 127.5, 132.5, 137.5, 142.5, 147.5, 152.5, 157.5, 162.5, 167.5, 172.5, 177.5, 182.5, 187.5, 192.5, 197.5, 202.5, 207.5]",0.0,3923.7142518939395,0.5349195075757576,0.9998871220351897
Ct,GluT,3,"[0, 0, 0, 0, 0, 0, 0, 0, 0, 0, 0, 0, 0, 0, 0, 0, 0, 0, 0, 0, 0, 0, 0]","[52.5, 57.5, 62.5, 67.5, 72.5, 77.5, 82.5, 87.5, 92.5, 97.5, 102.5, 107.5, 112.5, 117.5, 122.5, 127.5, 132.5, 137.5, 142.5, 147.5, 152.5, 157.5, 162.5]",0.0,1464.7786231884058,0.9242753623188406,0.9997848140178297
Ct,Glu,1,"[0.06059204287777335, 0.046105573516696, 0.05873878706766499, 0.07094642779549784, 0.06252714576302434, 0.06845891412372265, 0.09365681045569339, 0.07838448919810292, 0.07890102436541922, 0.109859272983199, 0.10255298002863242, 0.06796538503256341, 0.07120261624686246, 0.09145313881369473, 0.0883624983814736, 0.07689500332027918, 0.12094509138009482, 0.11437424061316237, 0.09228875605655884, 0.12652689399042993, 0.1009657707809487, 0.12626675063920043, 0.11800091755857794, 0.14473227759999907, 0.14977309122624663, 0.14687040048101713, 0.13132854902360797, 0.11703363366751987, 0.10446846464565765, 0.10199644492242724, 0.08587909606863404, 0.0615435468820352, 0.08137122116310196, 0.13480526533462767, 0.10379966831004823, 0.11313437599798983, 0.08830034279942676, 0.06514995179665577, 0.04741468714089948, 0.05141921249575367, 0.06986817277436069, 0.06051222456216107, 0.045535858304933556, 0.057010597980550665, 0.12037473383480847, 0.07997481474594371, 0.024661540703598956, 0.05998081402474301, 0.055557482088798016, 0.047246310179601646, 0.012864918965322462, 0.03973199806661963, 0.03685110465631685, 0.04201703667411425, 0.04121341734937168, 0.04806935786310962, 0.0363262032645501, 0.03350812804633239, 0.03430201753513686, 0.0018676113376924577, 0.04959354546847708, 0.033133219665580055, 0.0, 0.013968255385205911, 0.034571560984395934, 0.06856224071863479, 0.06828048872228258, 0.03414366237325821, 0.06922585312401114, 0.04506629626515037, 0.06975481051677955, 0.035651706351239036, 0.0538434265247618, 0.1296521699685124, 0.1664305721099737, 0.08906977739535828, 0.05726218114839942, 0.08484680202515518, 0.06387339042232129, 0.015848906570555845, 0.07883628969555254, 0.09854440062310323, 0.06465532893315708, 0.07728787772061184, 0.10240735501680309, 0.0712716157634985, 0.06989068025893125, 0.04344700255461523, 0.047065165385290784, 0.05209342377875164, 0.0637256208666884, 0.10246518207458008, 0.0878360957258484, 0.09465773065163594, 0.08360602879287553, 0.10282035793736159, 0.07577352818152838, 0.046886512103225836, 0.06564038770410707, 0.07118529861433502, 0.04585168476009331, 0.06196940296878753, 0.0698338649633819, 0.0917000220954728, 0.08643477997900827, 0.039350570885180076, 0.04563266820855827, 0.056323834535847696, 0.027337332147172575, 0.0550461672117831, 0.062219806389076024, 0.08530922112065882, 0.06743545413790941, 0.057048185883798445, 0.0851578891895047, 0.07166282827870193, 0.07903802515627215, 0.1453806710966726, 0.06907071118261297, 0.1130155798012394, 0.11261947896432009, 0.15655318153915204, 0.14270858480857784, 0.12410166902027883]","[52.5, 57.5, 62.5, 67.5, 72.5, 77.5, 82.5, 87.5, 92.5, 97.5, 102.5, 107.5, 112.5, 117.5, 122.5, 127.5, 132.5, 137.5, 142.5, 147.5, 152.5, 157.5, 162.5, 167.5, 172.5, 177.5, 182.5, 187.5, 192.5, 197.5, 202.5, 207.5, 212.5, 217.5, 222.5, 227.5, 232.5, 237.5, 242.5, 247.5, 252.5, 257.5, 262.5, 267.5, 272.5, 277.5, 282.5, 287.5, 292.5, 297.5, 302.5, 307.5, 312.5, 317.5, 322.5, 327.5, 332.5, 337.5, 342.5, 347.5, 352.5, 357.5, 362.5, 367.5, 372.5, 377.5, 382.5, 387.5, 392.5, 397.5, 402.5, 407.5, 412.5, 417.5, 422.5, 427.5, 432.5, 437.5, 442.5, 447.5, 452.5, 457.5, 462.5, 467.5, 472.5, 477.5, 482.5, 487.5, 492.5, 497.5, 502.5, 507.5, 512.5, 517.5, 522.5, 527.5, 532.5, 537.5, 542.5, 547.5, 552.5, 557.5, 562.5, 567.5, 572.5, 577.5, 582.5, 587.5, 592.5, 597.5, 602.5, 607.5, 612.5, 617.5, 622.5, 627.5, 632.5, 637.5, 642.5, 647.5, 652.5, 657.5, 662.5, 667.5]",0.07340241285987996,75.5055013767262,5.672285677279376,0.8506237875058468
Ct,Glu,2,"[0.058629684498953845, 0.056389332697846316, 0.052976126737014635, 0.04570635837278952, 0.055785585124475436, 0.09370970462026042, 0.08131805507197469, 0.11175161022691962, 0.11284089391584541, 0.12636481630900612, 0.12592022485301063, 0.0966528774734957, 0.15339358642979264, 0.1146507667734321, 0.13203655561996944, 0.17875575531056523, 0.1498759927789486, 0.1602793072167995, 0.17743540915984093, 0.19144391790602866, 0.14185143567141487, 0.14312136850515553, 0.1490087749518116, 0.16515657646225754, 0.24583313392472397, 0.16808644701920192, 0.17028954403083366, 0.18334696776001963]","[52.5, 57.5, 62.5, 67.5, 72.5, 77.5, 82.5, 87.5, 92.5, 97.5, 102.5, 107.5, 112.5, 117.5, 122.5, 127.5, 132.5, 137.5, 142.5, 147.5, 152.5, 157.5, 162.5, 167.5, 172.5, 177.5, 182.5, 187.5]",0.1683229418798265,64.79844317445313,4.799485660784503,0.9278910923101794
Ct,Glu,3,"[0.06287682665688334, 0.06591131749496704, 0.07658571272745449, 0.07894864908192774, 0.06872691009898581, 0.08176513528834042, 0.08841607806617156, 0.0905065490708124, 0.08371185940009461, 0.10706752760347332, 0.09742436519535382, 0.0937362526412965, 0.08498535541521962, 0.09444349589427241, 0.09637693172612456, 0.0793295529431858, 0.0966047875845406, 0.10576789977123224, 0.10265900117062352, 0.10977128062598382, 0.12412412583057296, 0.13992445053779345, 0.10920000512931992, 0.09675891255091759, 0.12006019832355723, 0.08585974796135398, 0.10768363522874771, 0.10337063251004339, 0.11849506666525406, 0.11196037517950663, 0.11333120349787863, 0.11214711330280716, 0.09748646673250297, 0.10830247337806737, 0.08841575019749383, 0.10729601543446446, 0.1258843312250475, 0.1172688949146165, 0.1103648841100138, 0.07983993390156353, 0.061026354078354744, 0.10142242061907106, 0.050244598987400226, 0.08797920114985003, 0.12013667357412797, 0.09010386407758919, 0.11348656888362813, 0.08670944017998493, 0.1360382606951414, 0.11929135864270383, 0.10199826184205911, 0.10368158979973224, 0.0916232069049667, 0.08924759046193868, 0.08120393639441849, 0.13758240834341232, 0.1442079544736313, 0.06791508773107188, 0.05101580160468546, 0.0882974156522813, 0.14094207857656108, 0.10743290604631346, 0.11928760828560364, 0.13038544811375208, 0.1781646630958334, 0.122112291075045, 0.10678815428811375, 0.16439108952804252, 0.14303693820542762, 0.12120816011846668, 0.13573004838864994, 0.06781322879479443, 0.08762559418302515, 0.1391999712836273, 0.16412388356592877, 0.08415258154411699, 0.06945432105195531, 0.07654363935495319, 0.15758296114286033, 0.1560577411054019, 0.22113254982371713, 0.16039017028734, 0.11984221006255309, 0.11841793931478083, 0.14733769456240417, 0.11301978566509237, 0.08382106578089428, 0.1242947566794501, 0.111992333068137, 0.09939380658373706, 0.09282231523935776, 0.08453825752423874, 0.15203514500986168, 0.13529880921488027, 0.14670955216071355, 0.08100832317817178, 0.0955898213502427, 0.10141090408847384, 0.08650438626196413, 0.07156920491479342, 0.08243901910065023, 0.155773920464366, 0.1510762491346256, 0.18905899288277064, 0.16638507680578307, 0.1902122181084797, 0.13634602179862257, 0.10141146515396365, 0.1259468853326683, 0.11240420949044588, 0.16328888359300997]","[52.5, 57.5, 62.5, 67.5, 72.5, 77.5, 82.5, 87.5, 92.5, 97.5, 102.5, 107.5, 112.5, 117.5, 122.5, 127.5, 132.5, 137.5, 142.5, 147.5, 152.5, 157.5, 162.5, 167.5, 172.5, 177.5, 182.5, 187.5, 192.5, 197.5, 202.5, 207.5, 212.5, 217.5, 222.5, 227.5, 232.5, 237.5, 242.5, 247.5, 252.5, 257.5, 262.5, 267.5, 272.5, 277.5, 282.5, 287.5, 292.5, 297.5, 302.5, 307.5, 312.5, 317.5, 322.5, 327.5, 332.5, 337.5, 342.5, 347.5, 352.5, 357.5, 362.5, 367.5, 372.5, 377.5, 382.5, 387.5, 392.5, 397.5, 402.5, 407.5, 412.5, 417.5, 422.5, 427.5, 432.5, 437.5, 442.5, 447.5, 452.5, 457.5, 462.5, 467.5, 472.5, 477.5, 482.5, 487.5, 492.5, 497.5, 502.5, 507.5, 512.5, 517.5, 522.5, 527.5, 532.5, 537.5, 542.5, 547.5, 552.5, 557.5, 562.5, 567.5, 572.5, 577.5, 582.5, 587.5, 592.5, 597.5, 602.5]",0.12290221336053116,33.98949191643201,5.051125862949254,0.8529145409045031
G3,GluT,1,"[0.07582609299123089, 0.07494131788658193, 0.07757474434723542, 0.06389980986099376, 0.08523941803156582, 0.06953550083971483, 0.06974718038051929, 0.08902381488757288, 0.0798807556883716, 0.09260406523825475, 0.10290292137630952, 0.08739002462061243, 0.08611356993360851, 0.07749689385366652, 0.10393666868531165, 0.09004887097890923, 0.07945954608245802, 0.08323827506233979, 0.0794096552161806, 0.08442983844459655, 0.09026344312032415, 0.08980751005148392, 0.0926682288037725, 0.08125722877975323, 0.0782245770981251, 0.0845496816254424, 0.09389850918878745, 0.09406774053320402, 0.09556436242730276, 0.09579561692824264, 0.07421715445087543, 0.08537220702573071, 0.08082931923305678, 0.08613973714170949, 0.0886752071249197, 0.07610724560966822, 0.08454666734640162, 0.08860667601166854, 0.09721594752660624, 0.10128763623522051, 0.08833274075335909, 0.09663519395151349, 0.10066715004428801, 0.11190198761910253, 0.09730098910816526, 0.07617115820130117, 0.07958183563374531, 0.08757472251610474, 0.08667801653332273, 0.09069149556807915, 0.10394070824462147, 0.10916198480602768, 0.10951649363505135, 0.09072920826583701, 0.08311384258230421, 0.10384600688125369, 0.08533070690698835, 0.09553190258597577, 0.098303749339189, 0.08792024936722569, 0.11387608459534566, 0.08550013295691054, 0.08615446364246097, 0.08983969650717334, 0.10297223121880188, 0.10880694980538715, 0.08765447387994185, 0.08647967053864211, 0.1088762331376829, 0.10548058685696375, 0.10327671200098844, 0.11412343192680434, 0.10497680657905097, 0.08660121207878452, 0.10974814893955764, 0.0889852806755151, 0.11013013331021625, 0.10626075925582722, 0.10581935814899678, 0.10091226925427889, 0.09989990926533257, 0.10798469444392517, 0.09030625792805036, 0.09446280533163813, 0.11377495386011618, 0.10171249289230895, 0.09879511334608002, 0.09143477509424233, 0.0998745268659274, 0.09187565894307259, 0.09242337365623719, 0.10570740251279, 0.10289181756247932, 0.08628632958992388, 0.09496530398670916, 0.10137209177397426, 0.09810156437444448, 0.07658123341546606, 0.07655940019796274]","[52.5, 57.5, 62.5, 67.5, 72.5, 77.5, 82.5, 87.5, 92.5, 97.5, 102.5, 107.5, 112.5, 117.5, 122.5, 127.5, 132.5, 137.5, 142.5, 147.5, 152.5, 157.5, 162.5, 167.5, 172.5, 177.5, 182.5, 187.5, 192.5, 197.5, 202.5, 207.5, 212.5, 217.5, 222.5, 227.5, 232.5, 237.5, 242.5, 247.5, 252.5, 257.5, 262.5, 267.5, 272.5, 277.5, 282.5, 287.5, 292.5, 297.5, 302.5, 307.5, 312.5, 317.5, 322.5, 327.5, 332.5, 337.5, 342.5, 347.5, 352.5, 357.5, 362.5, 367.5, 372.5, 377.5, 382.5, 387.5, 392.5, 397.5, 402.5, 407.5, 412.5, 417.5, 422.5, 427.5, 432.5, 437.5, 442.5, 447.5, 452.5, 457.5, 462.5, 467.5, 472.5, 477.5, 482.5, 487.5, 492.5, 497.5, 502.5, 507.5, 512.5, 517.5, 522.5, 527.5, 532.5, 537.5, 542.5]",0.09779141377065127,14.410436148888683,8.9731309159364,0.620217963418681
G3,GluT,2,"[0.09199272012944555, 0.10836432871400856, 0.09393277833123725, 0.0900398195757979, 0.10707663247500326, 0.10806546562655453, 0.0929250361099482, 0.08688653832277182, 0.10000260786320098, 0.10173863124886275, 0.09625698369825217, 0.09477714937135712, 0.0953914354007771, 0.11206829683864357, 0.11758618855454149, 0.09638904365683755, 0.1214118741807323, 0.10461571985011206, 0.12062894162277762, 0.10229705326222006, 0.1298919494229037, 0.12527812682812253, 0.10696510004990047, 0.10908163999434357, 0.11448795921338006, 0.11208136957594449, 0.12483379866851871, 0.12163803518454792, 0.1027756633063322, 0.12171590364063876, 0.116370689126187, 0.10996586294682917, 0.11929390499610999, 0.12923302275883516, 0.12230457170806706, 0.14061224115643448, 0.12722059914153597, 0.11321680241457324, 0.1221012396053648, 0.09760450210056786, 0.1345441533684336, 0.11829283779827027, 0.12790048153101163, 0.13210909353116987, 0.13276059184879105, 0.12553068420499036, 0.11333942694946016, 0.13248143723232356, 0.1431076228612784, 0.11915065611923248, 0.14474752795336998, 0.12295096831906399, 0.1262457035813586, 0.11007965537866998, 0.13364373576314742, 0.13342253801453838, 0.1302789121794387, 0.1292709396723642, 0.11219553733267458, 0.121297190420486, 0.12717052806189902, 0.12924772328070216, 0.13557839593716609, 0.12723669486511155, 0.11599603805849208, 0.13543582973962787, 0.11329988661784077, 0.13396653218518748, 0.13491423786972798, 0.13811092008312115, 0.12031209770637194, 0.1501708089846566, 0.12721328424968098, 0.13112283930716984, 0.12078249158387906, 0.14337947490393776, 0.12556338091584868, 0.10566715481596722, 0.12724471128993925, 0.13763821557336914, 0.12424375603887804, 0.11287080092186777, 0.13341781869807595, 0.13261741963894105, 0.1473181148310991, 0.14494811417137007, 0.1411019032470859, 0.12018455052209565, 0.131403428379437, 0.12755877630471044, 0.1149209513729695, 0.14504081446214792, 0.14033806328570234, 0.13630250645711145, 0.11944909209216802, 0.1421632318829635, 0.13020260209182025, 0.1245997837262599, 0.13470436601170252, 0.11397192709244743, 0.1043869262244109, 0.13700258931476045, 0.1128278448463362, 0.13718741224583103, 0.1458524612361712, 0.11653278273535031, 0.10810657748847768, 0.13354093160830177, 0.12268386178240911, 0.11645200057203767, 0.13136285221148933, 0.09831580932378842]","[52.5, 57.5, 62.5, 67.5, 72.5, 77.5, 82.5, 87.5, 92.5, 97.5, 102.5, 107.5, 112.5, 117.5, 122.5, 127.5, 132.5, 137.5, 142.5, 147.5, 152.5, 157.5, 162.5, 167.5, 172.5, 177.5, 182.5, 187.5, 192.5, 197.5, 202.5, 207.5, 212.5, 217.5, 222.5, 227.5, 232.5, 237.5, 242.5, 247.5, 252.5, 257.5, 262.5, 267.5, 272.5, 277.5, 282.5, 287.5, 292.5, 297.5, 302.5, 307.5, 312.5, 317.5, 322.5, 327.5, 332.5, 337.5, 342.5, 347.5, 352.5, 357.5, 362.5, 367.5, 372.5, 377.5, 382.5, 387.5, 392.5, 397.5, 402.5, 407.5, 412.5, 417.5, 422.5, 427.5, 432.5, 437.5, 442.5, 447.5, 452.5, 457.5, 462.5, 467.5, 472.5, 477.5, 482.5, 487.5, 492.5, 497.5, 502.5, 507.5, 512.5, 517.5, 522.5, 527.5, 532.5, 537.5, 542.5, 547.5, 552.5, 557.5, 562.5, 567.5, 572.5, 577.5, 582.5, 587.5, 592.5, 597.5, 602.5, 607.5]",0.12776256957951568,7.503239007014772,9.434927938166718,0.4416870619337305
G3,GluT,3,"[0.08319911982325723, 0.0817197908747344, 0.0917404754686239, 0.10180854191960498, 0.09581530816330604, 0.10178053300737777, 0.09489373447849041, 0.092605862616744, 0.1016283128028508, 0.09454697753417357, 0.10152035475484557, 0.10662914148726288, 0.07998192128416443, 0.08785175438977005, 0.09451683434022999, 0.0922584887768026, 0.08377345850292561, 0.10716573465055572, 0.10514535214467484, 0.09536064038021008, 0.07320154528195488, 0.09229826909420015, 0.10524961983487074, 0.08455677177916782, 0.09851091913933008, 0.09623398823131772, 0.09581190707097648, 0.0784497112671125, 0.08466599914297555, 0.09503996975796081, 0.08266953651396752, 0.09236026842960032, 0.09502109939730542, 0.08413279438177117, 0.0886194755184418, 0.096331935760926, 0.08485310850995448, 0.08025793674157948, 0.08696289634235302, 0.11132489996894478, 0.0923587239435062, 0.0955077337490248, 0.09861676413202786, 0.09681061610362929, 0.10027973277721851, 0.11807897467737756, 0.09636778403734712, 0.08908485141034043, 0.11239547073982824, 0.096691779493724, 0.08364475359014262, 0.10239936462415751, 0.1254149593421816, 0.10736523996042807, 0.1154273619983894, 0.08350563166167735, 0.08638127931187166, 0.09286693957626634, 0.08636041345664335, 0.08151820442632043, 0.09864140183248844, 0.10881715191418283, 0.12013088388326086, 0.12975066524257228, 0.07666597731746755, 0.09152206736337279, 0.09440204504627482, 0.10731227052072861, 0.09491845418977557, 0.12953038664919583, 0.07970594536211785, 0.11568665281360083, 0.10266807646331756, 0.11781117043995146, 0.09341063793131921, 0.0818735624820676, 0.07407318625952976, 0.1012498252449849, 0.13600404039721575, 0.11924670842317132, 0.12015854339176377, 0.12571519575545134, 0.15055560598172976, 0.08887201623582064, 0.11188408689131471, 0.08808719661056535, 0.11932271836517142, 0.09544444167894592, 0.07295937075580773, 0.1291919924126259, 0.07348114948646271, 0.09140961834266395]","[52.5, 57.5, 62.5, 67.5, 72.5, 77.5, 82.5, 87.5, 92.5, 97.5, 102.5, 107.5, 112.5, 117.5, 122.5, 127.5, 132.5, 137.5, 142.5, 147.5, 152.5, 157.5, 162.5, 167.5, 172.5, 177.5, 182.5, 187.5, 192.5, 197.5, 202.5, 207.5, 212.5, 217.5, 222.5, 227.5, 232.5, 237.5, 242.5, 247.5, 252.5, 257.5, 262.5, 267.5, 272.5, 277.5, 282.5, 287.5, 292.5, 297.5, 302.5, 307.5, 312.5, 317.5, 322.5, 327.5, 332.5, 337.5, 342.5, 347.5, 352.5, 357.5, 362.5, 367.5, 372.5, 377.5, 382.5, 387.5, 392.5, 397.5, 402.5, 407.5, 412.5, 417.5, 422.5, 427.5, 432.5, 437.5, 442.5, 447.5, 452.5, 457.5, 462.5, 467.5, 472.5, 477.5, 482.5, 487.5, 492.5, 497.5, 502.5, 507.5]",0.10217232781117903,10.223993208659431,10.724613193201307,0.47675159435996006
G3,Glu,1,"[0.0494321145618944, 0.054596138328353264, 0.06778044974763811, 0.06784846910227071, 0.07712541634417887, 0.09564360357977059, 0.08001720174131513, 0.08396210660074716, 0.08416749500681332, 0.08949928117427, 0.08584535096909994, 0.08057339898551563, 0.11340274787275745, 0.10168363202334674, 0.10353238414972685, 0.10066963004652821, 0.11623322234104999, 0.12122011761211474, 0.10737852689427094, 0.10861389264541453, 0.13146769615478482, 0.13459630754780316, 0.10706198182148378, 0.11339717765401608, 0.11976942872571117, 0.11957945451089906, 0.12735098374291573, 0.11725048285817342, 0.1307361145013102, 0.1257212060340868, 0.13969585632183587, 0.11926800321116701, 0.13655413981966644, 0.1357527485257074, 0.12467257156633428, 0.1434369260909609, 0.13401329428295838, 0.13103989282216713, 0.13419338014704418, 0.1467491086155831, 0.13977657380264502, 0.12913257107803056, 0.13511442004280594, 0.14582078954296432, 0.1541353124097194, 0.14616206716835803, 0.14558472072121015, 0.13779667686292305, 0.1453931125475952, 0.1408401813867915, 0.14278443144663724, 0.14647215292007007]","[52.5, 57.5, 62.5, 67.5, 72.5, 77.5, 82.5, 87.5, 92.5, 97.5, 102.5, 107.5, 112.5, 117.5, 122.5, 127.5, 132.5, 137.5, 142.5, 147.5, 152.5, 157.5, 162.5, 167.5, 172.5, 177.5, 182.5, 187.5, 192.5, 197.5, 202.5, 207.5, 212.5, 217.5, 222.5, 227.5, 232.5, 237.5, 242.5, 247.5, 252.5, 257.5, 262.5, 267.5, 272.5, 277.5, 282.5, 287.5, 292.5, 297.5, 302.5, 307.5]",0.13674798917191006,14.930485128709906,6.192378708471688,0.6806598068531535
G3,Glu,2,"[0.07811385202950603, 0.08550367569408224, 0.0946238302562301, 0.10342749871339614, 0.08766015867248718, 0.08742337528704022, 0.10443544441699448, 0.11023031226217582, 0.11686594773005077, 0.09651132297081826, 0.10037501547573252, 0.10353542995457529, 0.10671392989537062, 0.10507649170482843, 0.10561579630993759, 0.1235747842999468, 0.12558683104094737, 0.11324393295810949, 0.10742588603801986, 0.10342450708110869, 0.11130964274616639, 0.10791829020338287, 0.12173382987413586, 0.10447402753906715, 0.1165402562928872, 0.10645846800617864, 0.11603236180446458, 0.1251081634965321, 0.10699231795711756, 0.09997231870314917, 0.1333235140785488, 0.1364790117440349, 0.0990904062481289, 0.10545401120071542, 0.11101863042616594, 0.12864995023463985, 0.12005814577159679, 0.10439468535849156, 0.13300170380320586, 0.143444485391188, 0.15165740425486723, 0.14282487686803622, 0.1278818401050539, 0.13416714237244587, 0.13484646719442728, 0.13878009312107642, 0.11702942910972403, 0.12001119968585854, 0.1392855715185421, 0.1255601568553658, 0.12365943721366363, 0.12992506621138286, 0.1274922603908598, 0.11970959791509675, 0.11431243268227498, 0.12427520018234256, 0.10948970795137195, 0.12156763760350113, 0.1055793975777009, 0.10685302499705479, 0.11627168399485832, 0.09896403894872673, 0.12103604072625058, 0.09510140816702697, 0.10184626113553857, 0.07917460787354977, 0.09887898540910683, 0.10431821745671822, 0.10755429324036994, 0.10403947047367698, 0.0878731481442738]","[52.5, 57.5, 62.5, 67.5, 72.5, 77.5, 82.5, 87.5, 92.5, 97.5, 102.5, 107.5, 112.5, 117.5, 122.5, 127.5, 132.5, 137.5, 142.5, 147.5, 152.5, 157.5, 162.5, 167.5, 172.5, 177.5, 182.5, 187.5, 192.5, 197.5, 202.5, 207.5, 212.5, 217.5, 222.5, 227.5, 232.5, 237.5, 242.5, 247.5, 252.5, 257.5, 262.5, 267.5, 272.5, 277.5, 282.5, 287.5, 292.5, 297.5, 302.5, 307.5, 312.5, 317.5, 322.5, 327.5, 332.5, 337.5, 342.5, 347.5, 352.5, 357.5, 362.5, 367.5, 372.5, 377.5, 382.5, 387.5, 392.5, 397.5, 402.5]",0.11831986305388516,14.467546099043275,6.432931623418665,0.6845051013698317
G3,Glu,3,"[0.10077629677229463, 0.10033652041039007, 0.09434359054501593, 0.0896911767790752, 0.11682248992379803, 0.09736104178588319, 0.10698574502162496, 0.09747303860313611, 0.10046774680472353, 0.10294078274239815, 0.09313684501172588, 0.09550559909300012, 0.08917223701946624, 0.11496634705205822, 0.10702145034725268, 0.10335894199996881, 0.10618579954394874, 0.11315185990968141, 0.10327091300081961, 0.09621951324840405, 0.10157608968326928, 0.11472986247551732, 0.09782387353309954, 0.09581433992008076, 0.09924622871505337, 0.09398953552871654, 0.1154509986069343, 0.11725309527294579, 0.12158817814741246, 0.10535510742312673, 0.09432378913014626, 0.11214588744991945, 0.10229539281076779, 0.107493867277716, 0.10023644629387747, 0.10168142096953965, 0.11273131885436796, 0.11276736214094178, 0.10297691815220662, 0.1008452673010862, 0.09657094287485692, 0.11102765854615586, 0.10614658459825412, 0.11364894494182808, 0.09734161384827339, 0.10377282699231787, 0.09550279648889906, 0.10902247499351013, 0.1071392299166883, 0.11802270398713717, 0.09713982602295688, 0.09593782839506122, 0.09917627471582925, 0.10091591660768863, 0.10481886062259634, 0.10561194445545358, 0.08341684278322391, 0.10578573992991165, 0.09075897175658958, 0.09001593681752919, 0.08652694604178283, 0.09088225468085674, 0.08131136935011195, 0.08549210397039916, 0.08861448331350226, 0.09510715547657397, 0.08718285852778507, 0.08226824189227908, 0.08053328174091114, 0.09791237680447472, 0.06922587244956026, 0.08618342125600494, 0.07856003318390749, 0.09370028912423109, 0.08630451775785286, 0.09641156451276969, 0.09261495020013953, 0.05361170237589004, 0.07252893430089208, 0.06368158718114605, 0.08266918735376051]","[52.5, 57.5, 62.5, 67.5, 72.5, 77.5, 82.5, 87.5, 92.5, 97.5, 102.5, 107.5, 112.5, 117.5, 122.5, 127.5, 132.5, 137.5, 142.5, 147.5, 152.5, 157.5, 162.5, 167.5, 172.5, 177.5, 182.5, 187.5, 192.5, 197.5, 202.5, 207.5, 212.5, 217.5, 222.5, 227.5, 232.5, 237.5, 242.5, 247.5, 252.5, 257.5, 262.5, 267.5, 272.5, 277.5, 282.5, 287.5, 292.5, 297.5, 302.5, 307.5, 312.5, 317.5, 322.5, 327.5, 332.5, 337.5, 342.5, 347.5, 352.5, 357.5, 362.5, 367.5, 372.5, 377.5, 382.5, 387.5, 392.5, 397.5, 402.5, 407.5, 412.5, 417.5, 422.5, 427.5, 432.5, 437.5, 442.5, 447.5, 452.5]",0.09227065977535591,14.91355847232574,7.74437515106202,0.6415359805045872
G4,GluT,1,"[0.0961897731353606, 0.09779629865365365, 0.11263990312552655, 0.10597916612985787, 0.10209716669628954, 0.11001723689102996, 0.09695957348826881, 0.09514480775812803, 0.09729301300096663, 0.08659053498098128, 0.09793178413714501, 0.10618026606671435, 0.11116593989870066, 0.11127973636125638, 0.09716162972263301, 0.09720072986197921, 0.11182386882996341, 0.09365515415305184, 0.08682860955495177, 0.08479659576104658, 0.08882135843046027, 0.07878753898462316, 0.07997527945547611, 0.07353511918237779, 0.07818771145354747, 0.08922842658985626, 0.08148142290816401, 0.0744450955314353, 0.07517751699502233, 0.07355385419226923, 0.06564089739510917, 0.07335386421753579, 0.07750061820228252, 0.08216997143109199, 0.07066570486085841, 0.0805594066243321, 0.0764929671023029, 0.07346178530412738, 0.08314412615514952, 0.06432061466962427, 0.06748255758946432, 0.07820712996705174, 0.0816906467717991, 0.07658635680692517, 0.06920519162653191, 0.06452298777987697, 0.06089652159416229, 0.06273349854476336, 0.06971432072940707, 0.06437558447262959, 0.052626034601330696, 0.0637429062405011, 0.04997664954800279, 0.05818137638994403, 0.054514598977449334, 0.04956409059675177, 0.05292908911129271, 0.057385769952543776, 0.06445959365055909, 0.07291410709757983, 0.06573470715862562, 0.0600163249573637, 0.05914661839406711, 0.06129339302620432, 0.06375281721161077, 0.058251437682870694, 0.07431457966130997, 0.04972309230759565, 0.08299671375210138, 0.062445076173891036, 0.06385184885365329, 0.09103146204379114, 0.08812216033521311, 0.081799501353816]","[52.5, 57.5, 62.5, 67.5, 72.5, 77.5, 82.5, 87.5, 92.5, 97.5, 102.5, 107.5, 112.5, 117.5, 122.5, 127.5, 132.5, 137.5, 142.5, 147.5, 152.5, 157.5, 162.5, 167.5, 172.5, 177.5, 182.5, 187.5, 192.5, 197.5, 202.5, 207.5, 212.5, 217.5, 222.5, 227.5, 232.5, 237.5, 242.5, 247.5, 252.5, 257.5, 262.5, 267.5, 272.5, 277.5, 282.5, 287.5, 292.5, 297.5, 302.5, 307.5, 312.5, 317.5, 322.5, 327.5, 332.5, 337.5, 342.5, 347.5, 352.5, 357.5, 362.5, 367.5, 372.5, 377.5, 382.5, 387.5, 392.5, 397.5, 402.5, 407.5, 412.5, 417.5]",0.06635446678620491,11.677894678379205,15.593350481612417,0.43866829142822744
G4,GluT,2,"[0.19389452605151944, 0.19794650525498894, 0.20238331265724477, 0.18780297128905737, 0.18729834402800333, 0.19979285075766018, 0.20329864266805392, 0.1964510038401202, 0.17747870296555016, 0.16691519839134916, 0.14058130050732565, 0.13841973999329044, 0.15326033088111346, 0.14020230230362946, 0.12779343152161732, 0.1341827285296366, 0.13474109248348332, 0.1306672772437345, 0.10957257380612238, 0.07951412583863525, 0.10290395766621029, 0.11512677480331394, 0.0936051281788505, 0.10130757103896064, 0.10094881848267528, 0.11775410821443984, 0.12122360420946884, 0.1098225002345838, 0.095442432007517, 0.09732396841674969, 0.09344691481484818, 0.10016324766297906, 0.09563572277306079, 0.09143465850487377, 0.10965079366928522, 0.09542871904411478, 0.09295910543955584, 0.0902031791368336, 0.08275312913721228, 0.07983650459690195, 0.09084146697524849, 0.08309272274405846, 0.06971286870439207, 0.08997037554714342, 0.07727273774665955, 0.0572702556857682, 0.05919060729154893, 0.07223020561092311, 0.08472490122653104, 0.05418452985417683]","[52.5, 57.5, 62.5, 67.5, 72.5, 77.5, 82.5, 87.5, 92.5, 97.5, 102.5, 107.5, 112.5, 117.5, 122.5, 127.5, 132.5, 137.5, 142.5, 147.5, 152.5, 157.5, 162.5, 167.5, 172.5, 177.5, 182.5, 187.5, 192.5, 197.5, 202.5, 207.5, 212.5, 217.5, 222.5, 227.5, 232.5, 237.5, 242.5, 247.5, 252.5, 257.5, 262.5, 267.5, 272.5, 277.5, 282.5, 287.5, 292.5, 297.5]",0.088462770369955,8.016984240927545,11.340968817763077,0.4359208608509481
G4,GluT,3,"[0.09266254394867655, 0.0865113285577445, 0.09574827946786735, 0.1015006561264975, 0.10431419221464837, 0.09455632190807911, 0.08817380049409725, 0.08698329554136738, 0.0908101750851479, 0.09295509092166977, 0.09549271600618993, 0.08690390931961894, 0.07550714552205377, 0.08246594838710791, 0.07745868502886993, 0.07553544934470505, 0.0790953753163572, 0.0697229874244819, 0.07074434129988517, 0.06952931416869125, 0.07727485027800439, 0.07361530574566533, 0.06693422487960236, 0.071254263194037, 0.062035534526290036, 0.06594286484691718, 0.07106166455364299, 0.06369786492200803, 0.07027906622661166, 0.06053128389577488, 0.06504921849346282, 0.06440066099107825, 0.07294815583506639, 0.06240742890520982, 0.05774671114237517, 0.056439076895432955, 0.06495314573247975, 0.062231297873634774, 0.07278174463369995, 0.07388240602454323, 0.06875582367903682, 0.06594292337715135, 0.06720632433377532, 0.07627220496954816, 0.05973644580611105, 0.06400838193720074, 0.0680377498470026, 0.06761186514168946, 0.0655347720694294, 0.0645206609624995, 0.07280959520162766, 0.07189656217938784, 0.0668684015449952, 0.0761909472779893, 0.06835430948574991, 0.07459884668086801, 0.08466113428753773, 0.07321309574637727, 0.07272647278135154, 0.07140635398820352, 0.060367018898913966, 0.06356964357176244, 0.06803662738234925, 0.06663231742176011, 0.06181086920812169, 0.06676226687033526, 0.06816831029281777, 0.0746570580977382, 0.06996374445505787, 0.07900066189039187, 0.07670102912424359, 0.07146971750714462, 0.06820181566148616, 0.06211660911709598, 0.060493725801669174, 0.05683334777974637, 0.05083506047960314, 0.05642709562055422, 0.04910509011285502, 0.08284994951424905, 0.09068571810672496, 0.06312033692545038, 0.04759712903229302, 0.06277973589568356, 0.06370556499663152, 0.07836770668367256, 0.06933382275155286, 0.07791073303857722, 0.04164458277828437, 0.05727730794966024, 0.04689996060445072, 0.06139109692583533]","[52.5, 57.5, 62.5, 67.5, 72.5, 77.5, 82.5, 87.5, 92.5, 97.5, 102.5, 107.5, 112.5, 117.5, 122.5, 127.5, 132.5, 137.5, 142.5, 147.5, 152.5, 157.5, 162.5, 167.5, 172.5, 177.5, 182.5, 187.5, 192.5, 197.5, 202.5, 207.5, 212.5, 217.5, 222.5, 227.5, 232.5, 237.5, 242.5, 247.5, 252.5, 257.5, 262.5, 267.5, 272.5, 277.5, 282.5, 287.5, 292.5, 297.5, 302.5, 307.5, 312.5, 317.5, 322.5, 327.5, 332.5, 337.5, 342.5, 347.5, 352.5, 357.5, 362.5, 367.5, 372.5, 377.5, 382.5, 387.5, 392.5, 397.5, 402.5, 407.5, 412.5, 417.5, 422.5, 427.5, 432.5, 437.5, 442.5, 447.5, 452.5, 457.5, 462.5, 467.5, 472.5, 477.5, 482.5, 487.5, 492.5, 497.5, 502.5, 507.5]",0.06680753090633525,13.455525144988426,15.60585884524223,0.4768046746953609
G4,Glu,1,"[0.10733748345996333, 0.11283023625108897, 0.11179908760661446, 0.10955404258600994, 0.10683822786074544, 0.09460123078491488, 0.09064206206777299, 0.09178561273742321, 0.10176507772668308, 0.08868299499066627, 0.08364153924334504, 0.09177088589601665, 0.08549231000518336, 0.09810086508445746, 0.09406602177288376, 0.09647029217506081, 0.09904852429706087, 0.09758161131086432, 0.094286180435397, 0.09917382853418724, 0.0950736331103366, 0.08717658717612782, 0.09840789503064254, 0.09967034405484561, 0.096527250947628, 0.09367475311374825, 0.0770848989760807, 0.07940866604974915, 0.08216042395876112, 0.08550977601942662, 0.09690278731746335, 0.0899284572055413, 0.08266542084460522, 0.08323106270427137, 0.083854089839344, 0.08706055624295818, 0.08502716690753206, 0.08812782388287008, 0.09853482407462127, 0.08851635798644314, 0.08471799008162559, 0.08783760483095605, 0.09259218080816453, 0.09043787762360035, 0.08028039283705882, 0.08406923635130352, 0.08373693060409267, 0.09490122449036037, 0.09190236781105407, 0.09858536465595415, 0.09633443105685953, 0.09252172501490893, 0.08222617998430785, 0.07593614164679381, 0.09214264301080563, 0.08988298282395196, 0.08121378512806803, 0.08787053441805402, 0.07726011657516944, 0.08352273505627965, 0.08408005239205847, 0.0665425224599295, 0.06758970180048415, 0.06668559663498501, 0.07146085137949669, 0.06623853426929564, 0.06877661796942239, 0.06035017602907976, 0.07951988854712327, 0.06044375926291123, 0.05968924555210583, 0.06997490914390865, 0.0707640214269441, 0.07572732284259288]","[52.5, 57.5, 62.5, 67.5, 72.5, 77.5, 82.5, 87.5, 92.5, 97.5, 102.5, 107.5, 112.5, 117.5, 122.5, 127.5, 132.5, 137.5, 142.5, 147.5, 152.5, 157.5, 162.5, 167.5, 172.5, 177.5, 182.5, 187.5, 192.5, 197.5, 202.5, 207.5, 212.5, 217.5, 222.5, 227.5, 232.5, 237.5, 242.5, 247.5, 252.5, 257.5, 262.5, 267.5, 272.5, 277.5, 282.5, 287.5, 292.5, 297.5, 302.5, 307.5, 312.5, 317.5, 322.5, 327.5, 332.5, 337.5, 342.5, 347.5, 352.5, 357.5, 362.5, 367.5, 372.5, 377.5, 382.5, 387.5, 392.5, 397.5, 402.5, 407.5, 412.5, 417.5]",0.08083769325577408,10.436695790206354,13.276093668785267,0.44453122697397507
G4,Glu,2,"[0.08920401048531976, 0.08773198611158811, 0.09119776721694055, 0.08229442519489606, 0.08454645085617836, 0.08302212300701418, 0.09731061109784715, 0.08145011010113806, 0.09266022827102635, 0.07621384519804111, 0.08125739943341458, 0.07178088157437494, 0.08607594120098182, 0.08540323623600589, 0.07495095209258072, 0.07114545125716916, 0.0702947316352602, 0.0851317892143968, 0.07770252328667955, 0.07784825571929017, 0.07971731131928501, 0.07877904152030792, 0.07296774479092585, 0.07513665984892982, 0.0723566664065398, 0.07779977516239696, 0.07840131279864845, 0.07711426980530467, 0.07545763466927906, 0.08353330632683355, 0.08393169716605962, 0.07389540524390945, 0.0713819741312649, 0.08075862943666204, 0.08212055363955775, 0.07965443531405728, 0.07620726840640295, 0.08142796950068251, 0.07202051138451071, 0.07578949018818454, 0.07671006396374032, 0.06668212583568622, 0.08307700495099965, 0.08355056933894227, 0.06925102953334406, 0.07733268583228671, 0.07028728142209191, 0.06892419468073675, 0.07812014687011364, 0.07670550914986371, 0.05732320133580139, 0.06289223610992366, 0.07571420160485583, 0.07488927125005275, 0.0661531172239504, 0.06997308400919564, 0.07430767062342818, 0.07606824026605345, 0.09592851036986011, 0.07671196557572887, 0.09876442621184398, 0.07436921884870432, 0.07739114938071387, 0.06768618869634417, 0.06676616651646346, 0.08106696941089081, 0.07351631291756722, 0.07331558466116016, 0.08112687661135816, 0.0769032384297488, 0.0687521455240113, 0.07357398305864433, 0.07408090936337808, 0.07652968646074103]","[52.5, 57.5, 62.5, 67.5, 72.5, 77.5, 82.5, 87.5, 92.5, 97.5, 102.5, 107.5, 112.5, 117.5, 122.5, 127.5, 132.5, 137.5, 142.5, 147.5, 152.5, 157.5, 162.5, 167.5, 172.5, 177.5, 182.5, 187.5, 192.5, 197.5, 202.5, 207.5, 212.5, 217.5, 222.5, 227.5, 232.5, 237.5, 242.5, 247.5, 252.5, 257.5, 262.5, 267.5, 272.5, 277.5, 282.5, 287.5, 292.5, 297.5, 302.5, 307.5, 312.5, 317.5, 322.5, 327.5, 332.5, 337.5, 342.5, 347.5, 352.5, 357.5, 362.5, 367.5, 372.5, 377.5, 382.5, 387.5, 392.5, 397.5, 402.5, 407.5, 412.5, 417.5]",0.074964403705719,11.487941169157981,14.845309649308893,0.44573659292098855
G4,Glu,3,"[0.09627605483991726, 0.08971710507237682, 0.0876307369030436, 0.09265529244221264, 0.09704067640124056, 0.09365164436282095, 0.08684660342837976, 0.08329998178046373, 0.07871883164356526, 0.07699215812434701, 0.08576605815127566, 0.07995935971358722, 0.07614049641752563, 0.08329947093131464, 0.07523819712565104, 0.07381091709594272, 0.0758672912287299, 0.07509705486267614, 0.07665404315362181, 0.07683680270472497, 0.07293198597817288, 0.07077249413159954, 0.083347550552014, 0.08546326891744555, 0.08480840711041725, 0.08024285336820261, 0.08326037039466759, 0.08495233564823614, 0.08465917952122326, 0.08432917240618217, 0.0952952860333919, 0.06523628119540578, 0.07789842648007911, 0.07638834771668689, 0.07672095493605545, 0.08428509458030484, 0.07781616786025061, 0.08176058449073481, 0.08348397225304582, 0.08013529378430999, 0.07229459211343163, 0.07417479092244993, 0.07034538198384502, 0.06495903743945097, 0.07281928177558611, 0.07940159543752481, 0.07303601734717435, 0.06435055162868121, 0.0737932094703518, 0.05792506373573816, 0.06281740089211497, 0.07673185170795155, 0.05487963219210365, 0.05786767484225701, 0.07144898792947839, 0.060759583120962364, 0.06223149418818155, 0.07431470766110636]","[52.5, 57.5, 62.5, 67.5, 72.5, 77.5, 82.5, 87.5, 92.5, 97.5, 102.5, 107.5, 112.5, 117.5, 122.5, 127.5, 132.5, 137.5, 142.5, 147.5, 152.5, 157.5, 162.5, 167.5, 172.5, 177.5, 182.5, 187.5, 192.5, 197.5, 202.5, 207.5, 212.5, 217.5, 222.5, 227.5, 232.5, 237.5, 242.5, 247.5, 252.5, 257.5, 262.5, 267.5, 272.5, 277.5, 282.5, 287.5, 292.5, 297.5, 302.5, 307.5, 312.5, 317.5, 322.5, 327.5, 332.5, 337.5]",0.07267242883189093,11.694753482448037,14.745288516126948,0.45235000217032234
GN4,GluT,1,"[0.04323889395560958, 0.048176292270364074, 0.0513235640449498, 0.05475809859433418, 0.050936690844810645, 0.05395037973762745, 0.058257276668817706, 0.04696287645996236, 0.05784855638672905, 0.05144482704522459, 0.05015634500909997, 0.04794189327240338, 0.05256585229346629, 0.05016754089817877, 0.06149441627078623, 0.05663784469181874, 0.045084397736798655, 0.05109233023470526, 0.05919108038623955, 0.05442880087215164, 0.06116679927300965, 0.05061746575765, 0.06318600953751269, 0.06956508209857841, 0.058100856011994946, 0.05448758415023196, 0.06342999381582808, 0.0609187809598069, 0.05072036514151648, 0.054842847707026965, 0.05918565213338148, 0.05553635529613057, 0.054591570616753134, 0.05720594136485715, 0.05734992379177356, 0.04999394551458683, 0.04968264596210681, 0.06449394220266338, 0.049837032785751224, 0.05176817666034746, 0.048943657314673955, 0.04637849137723611, 0.0528161714760712, 0.0654641878356098, 0.046995275568938115, 0.05852062015825086, 0.05925489080045408, 0.05335063356545127, 0.05938165387569169, 0.07051353126645664, 0.057348226075701725, 0.061996495108095497, 0.06580609701366663, 0.058709837701917095, 0.0750624409637622, 0.06103551453132127, 0.056367939975758084, 0.06783526645630836, 0.0667011436845898, 0.06209670217864426, 0.07632849759195522, 0.06237043546485551, 0.04529830105355833, 0.08134548107564336, 0.060538624925632445, 0.07078626595096305, 0.07148404589004467, 0.06634309548172745, 0.0947246549650842, 0.07367302562502934, 0.07209011174902091, 0.08188091080198528, 0.0653395815874755, 0.05696043067878093, 0.05581183791241524, 0.06949690150006195, 0.07352895380304701]","[52.5, 57.5, 62.5, 67.5, 72.5, 77.5, 82.5, 87.5, 92.5, 97.5, 102.5, 107.5, 112.5, 117.5, 122.5, 127.5, 132.5, 137.5, 142.5, 147.5, 152.5, 157.5, 162.5, 167.5, 172.5, 177.5, 182.5, 187.5, 192.5, 197.5, 202.5, 207.5, 212.5, 217.5, 222.5, 227.5, 232.5, 237.5, 242.5, 247.5, 252.5, 257.5, 262.5, 267.5, 272.5, 277.5, 282.5, 287.5, 292.5, 297.5, 302.5, 307.5, 312.5, 317.5, 322.5, 327.5, 332.5, 337.5, 342.5, 347.5, 352.5, 357.5, 362.5, 367.5, 372.5, 377.5, 382.5, 387.5, 392.5, 397.5, 402.5, 407.5, 412.5, 417.5, 422.5, 427.5, 432.5]",0.06344064467774302,26.39573371497676,12.926896454031604,0.6726970830169275
GN4,GluT,2,"[0.06352038331434925, 0.06910166496053492, 0.08109847283613246, 0.0705039291209193, 0.0802838478829054, 0.06655357048013448, 0.05865575240111364, 0.06693720880694749, 0.06816865251356984, 0.06571098277982435, 0.058744033557429146, 0.07295946731658243, 0.06349155800148956, 0.09570277977643298, 0.08554201449462177, 0.07049071173336727, 0.07518297480126333, 0.08276250688906592, 0.06964911125584504, 0.07858142740783622, 0.07804062944113446, 0.09077959730986997, 0.08591916245697144, 0.07462245472230704, 0.06649324649479214, 0.08211867172631569, 0.0883052944381129, 0.07569288109566652, 0.0901047028701514, 0.09089446289776318, 0.0800538859368316, 0.07888421524736823, 0.08253251861220749, 0.08181416027836842, 0.08675456955018152, 0.08207408509173987, 0.07934863836204595, 0.0891846471655948, 0.07072224170166076, 0.07156251149334177, 0.07580209502570641, 0.08316440474981342, 0.07462979311779509, 0.0693344948250591, 0.06602138001494483, 0.06391786561199475, 0.08017245415658687, 0.06563827247332986, 0.08683371396621749, 0.07156927640075768, 0.05247570134017851, 0.06876421648531543, 0.06400665416855338, 0.07457757063306633, 0.07460832174588074, 0.07239563954303592, 0.08311849511588283, 0.07279287410373562, 0.07263341308359696, 0.08193162020974132, 0.087189889949594, 0.08429069270925053, 0.07812956463138077, 0.08414960385914164, 0.07094207378922461, 0.09145786007984336, 0.07134043369612858, 0.07405396506340846, 0.06252316135697226, 0.07272066789512871, 0.0850548651731772, 0.06854481327168133, 0.08166128423923102, 0.0680664562741516, 0.061049073635469686, 0.08415742959921833, 0.07095241552817046, 0.07759750953277994, 0.0878940955494028, 0.07047396415691366, 0.07476900812883909, 0.06528175297040055, 0.07263262975866035, 0.08515709160880655, 0.0735893999006671, 0.0732064098326482, 0.06427531796166257, 0.08208164377615879, 0.08535462454671501, 0.09363022659663948, 0.08549131692187562, 0.07343248188836965, 0.073644370126775, 0.08229143005968675, 0.053281178735117174, 0.05021652866695307, 0.07186797927902505, 0.06581138505619633, 0.08037059764472598, 0.0701356130378225, 0.06927744647117506, 0.04598674558315484, 0.04910892074466089, 0.05150105218942846, 0.04987546185046583, 0.04332819389643352, 0.06796689549540166, 0.05355152569010007, 0.06343107595162474, 0.055908114696036015, 0.04279844717160275, 0.03472253625413199, 0.09533836224369528, 0.03721891373518938, 0.018249627486680003, 0.05253193994890101, 0.0473526139961114, 0.03499939876787639, 0.028945264262205655]","[52.5, 57.5, 62.5, 67.5, 72.5, 77.5, 82.5, 87.5, 92.5, 97.5, 102.5, 107.5, 112.5, 117.5, 122.5, 127.5, 132.5, 137.5, 142.5, 147.5, 152.5, 157.5, 162.5, 167.5, 172.5, 177.5, 182.5, 187.5, 192.5, 197.5, 202.5, 207.5, 212.5, 217.5, 222.5, 227.5, 232.5, 237.5, 242.5, 247.5, 252.5, 257.5, 262.5, 267.5, 272.5, 277.5, 282.5, 287.5, 292.5, 297.5, 302.5, 307.5, 312.5, 317.5, 322.5, 327.5, 332.5, 337.5, 342.5, 347.5, 352.5, 357.5, 362.5, 367.5, 372.5, 377.5, 382.5, 387.5, 392.5, 397.5, 402.5, 407.5, 412.5, 417.5, 422.5, 427.5, 432.5, 437.5, 442.5, 447.5, 452.5, 457.5, 462.5, 467.5, 472.5, 477.5, 482.5, 487.5, 492.5, 497.5, 502.5, 507.5, 512.5, 517.5, 522.5, 527.5, 532.5, 537.5, 542.5, 547.5, 552.5, 557.5, 562.5, 567.5, 572.5, 577.5, 582.5, 587.5, 592.5, 597.5, 602.5, 607.5, 612.5, 617.5, 622.5, 627.5, 632.5, 637.5, 642.5]",0.06721324938554382,15.807905172982867,14.29564341480432,0.5335507401219939
GN4,GluT,3,"[0.043764172969868495, 0.04732991344764688, 0.027528849099279173, 0.03948937519488454, 0.03351885801019881, 0.03350529043580012, 0.04441168508815936, 0.0333815773038324, 0.04088134561495144, 0.03589186686946306, 0.05619746369346137, 0.03594230990796607, 0.03424488558668642, 0.036088124202694145, 0.041143193825392756, 0.054376983624128745, 0.04390102287357726, 0.04023260044220264, 0.056922684268141684, 0.05456351486134575, 0.054828627990683776, 0.0408614784493731, 0.041081891735078035, 0.03712939808476258, 0.05602193817247636, 0.04558376955448229, 0.04633400056966179, 0.04481548673284592, 0.04671696066830433, 0.06587454412066966, 0.04922177946000374, 0.04748561250753345, 0.03743024589350322, 0.06043959812020844, 0.07520860675175411, 0.07222565515652433, 0.06854207556063452, 0.0604713631621629, 0.05929453007116897, 0.07525567311978862, 0.06513995126314254, 0.056810028117907606, 0.05454687081054466, 0.05539024706205306, 0.043662186883576655, 0.06663509405094918, 0.06039273533921137, 0.047113326687641705, 0.06540880809221691, 0.04738429580600044, 0.061574713226621024, 0.06357587434265234, 0.07069373307854641, 0.05724861217446261, 0.04525040236618882, 0.04786960982263545, 0.06416389331252442, 0.06958616797186826, 0.05421021310647226, 0.048767614225502236, 0.06686050421128756, 0.0401676101547078, 0.04249538550513353, 0.060747874815049875, 0.051757801921343265, 0.05804270264721819, 0.05408860227840626, 0.07509454453651637, 0.056336301487105646, 0.07443816739793988, 0.04424806848846761, 0.048786971683347974, 0.05500684972470302, 0.05628466074137954, 0.05814058512379662, 0.0539122186320121, 0.05426424619708777, 0.05613888650469235, 0.05702469885074719, 0.05855612513672022, 0.046738401080485645, 0.061553583856053064, 0.054356168965574735, 0.08095383100625536, 0.06396683464357303, 0.05996649071844656, 0.059581731892259855, 0.034261315670345606]","[52.5, 57.5, 62.5, 67.5, 72.5, 77.5, 82.5, 87.5, 92.5, 97.5, 102.5, 107.5, 112.5, 117.5, 122.5, 127.5, 132.5, 137.5, 142.5, 147.5, 152.5, 157.5, 162.5, 167.5, 172.5, 177.5, 182.5, 187.5, 192.5, 197.5, 202.5, 207.5, 212.5, 217.5, 222.5, 227.5, 232.5, 237.5, 242.5, 247.5, 252.5, 257.5, 262.5, 267.5, 272.5, 277.5, 282.5, 287.5, 292.5, 297.5, 302.5, 307.5, 312.5, 317.5, 322.5, 327.5, 332.5, 337.5, 342.5, 347.5, 352.5, 357.5, 362.5, 367.5, 372.5, 377.5, 382.5, 387.5, 392.5, 397.5, 402.5, 407.5, 412.5, 417.5, 422.5, 427.5, 432.5, 437.5, 442.5, 447.5, 452.5, 457.5, 462.5, 467.5, 472.5, 477.5, 482.5, 487.5]",0.056757010099039246,25.97845757775354,16.567305899527973,0.6251245334438597
GN4,Glu,1,"[0.10320376129837251, 0.09354996769760923, 0.10360974336597902, 0.09828907118671718, 0.10791590350512047, 0.10573833079132763, 0.08932687155529126, 0.09489990662564603, 0.11323946446844238, 0.09819805191107218, 0.09463311161370237, 0.11097708299548492, 0.09509435841938968, 0.09334928286608504, 0.10842767419763513, 0.11295136115446176, 0.09515071041731635, 0.10727237124719036, 0.11133980779109925, 0.10486303323804051, 0.11326095648754456, 0.09326910029792902, 0.11591270841751092, 0.11665669965004499, 0.11207373281724609, 0.0950335841558148, 0.1252648937374187, 0.12489650757463122, 0.10516950283689017, 0.11225045213663482, 0.1105702206685521, 0.10456915696618564, 0.0987396716808183, 0.09358477283703406, 0.13297849029279088, 0.11960965737891928]","[52.5, 57.5, 62.5, 67.5, 72.5, 77.5, 82.5, 87.5, 92.5, 97.5, 102.5, 107.5, 112.5, 117.5, 122.5, 127.5, 132.5, 137.5, 142.5, 147.5, 152.5, 157.5, 162.5, 167.5, 172.5, 177.5, 182.5, 187.5, 192.5, 197.5, 202.5, 207.5, 212.5, 217.5, 222.5, 227.5]",0.11055794160917252,10.889187459711936,8.432447585247774,0.5598273175827106
GN4,Glu,2,"[0.08767520902247868, 0.09080846683283508, 0.0945530411274262, 0.08282743874494188, 0.08632451581303778, 0.08507007742797108, 0.0949037898858802, 0.09492787970553616, 0.08699908546924941, 0.09823276289042557, 0.10060600509618634, 0.09066285556817776, 0.08277214159983903, 0.07759436725166723, 0.09200975877485491, 0.10366944303288715, 0.08899747904734193, 0.08829758157333793, 0.08927329470870075, 0.09724358435093158, 0.0806887398423556, 0.08486864701138706, 0.09102442162395401, 0.09283841464701531, 0.09319916571113161, 0.08929095829229786, 0.08060912755883208, 0.09732638878340583, 0.0835902240904451, 0.0756290098402109, 0.0871176692894549, 0.10417755172653925, 0.08660106661238777, 0.09100384595190851, 0.08678456456218164, 0.08509052066258925, 0.09238563870450918, 0.09809884760571466, 0.08627184699370945]","[52.5, 57.5, 62.5, 67.5, 72.5, 77.5, 82.5, 87.5, 92.5, 97.5, 102.5, 107.5, 112.5, 117.5, 122.5, 127.5, 132.5, 137.5, 142.5, 147.5, 152.5, 157.5, 162.5, 167.5, 172.5, 177.5, 182.5, 187.5, 192.5, 197.5, 202.5, 207.5, 212.5, 217.5, 222.5, 227.5, 232.5, 237.5, 242.5]",0.08919201169304806,12.07362881876905,10.461786373459761,0.5381825338253382
GN4,Glu,3,"[0.078587719602352, 0.09225638690213282, 0.09571269860192967, 0.08665606310375966, 0.09826092930307816, 0.09418981237382931, 0.08453448667684418, 0.10122127377214638, 0.08934613330529123, 0.096365482289538, 0.09111732211271582, 0.08991673986093116, 0.10545762205086665, 0.09074855803184645, 0.09525953454722805, 0.0846527759890391, 0.08223486347853996, 0.0853504336990669, 0.0863148313413633, 0.10519444765097466, 0.08795621954890126, 0.08841122228948387, 0.09587913888675693, 0.08010387646066607, 0.09035917233179404, 0.09216842603194869, 0.08132139263731668, 0.10056533594569886, 0.08850176322658664, 0.08765694954072856, 0.1031752896693326, 0.09646653325383901]","[52.5, 57.5, 62.5, 67.5, 72.5, 77.5, 82.5, 87.5, 92.5, 97.5, 102.5, 107.5, 112.5, 117.5, 122.5, 127.5, 132.5, 137.5, 142.5, 147.5, 152.5, 157.5, 162.5, 167.5, 172.5, 177.5, 182.5, 187.5, 192.5, 197.5, 202.5, 207.5]",0.09072874349956239,12.04055112255908,10.125693280470326,0.543153416540447
PsAe,GluT,1,"[0, 0, 0, 0, 0, 0, 0, 0, 0, 0, 0, 0, 0, 0, 0, 0, 0, 0, 0, 0, 0, 0, 0]","[52.5, 57.5, 62.5, 67.5, 72.5, 77.5, 82.5, 87.5, 92.5, 97.5, 102.5, 107.5, 112.5, 117.5, 122.5, 127.5, 132.5, 137.5, 142.5, 147.5, 152.5, 157.5, 162.5]",0.0,1089.5492575081048,3.8745915160103883,0.9973919424865093
PsAe,GluT,2,"[0, 0, 0, 0, 0, 0, 0, 0, 0, 0, 0, 0, 0, 0, 0, 0, 0, 0, 0, 0, 0, 0, 0]","[52.5, 57.5, 62.5, 67.5, 72.5, 77.5, 82.5, 87.5, 92.5, 97.5, 102.5, 107.5, 112.5, 117.5, 122.5, 127.5, 132.5, 137.5, 142.5, 147.5, 152.5, 157.5, 162.5]",0.0,1239.865772633164,1.5573075475249392,0.9994495814387366
PsAe,GluT,3,"[0, 0, 0, 0, 0, 0, 0, 0, 0, 0, 0, 0, 0, 0, 0, 0, 0, 0, 0, 0, 0]","[52.5, 57.5, 62.5, 67.5, 72.5, 77.5, 82.5, 87.5, 92.5, 97.5, 102.5, 107.5, 112.5, 117.5, 122.5, 127.5, 132.5, 137.5, 142.5, 147.5, 152.5]",0.0,1112.0589569160998,0.703798185941043,0.9998576818054631
PsAe,Glu,1,"[0.10071527220351248, 0.12565384293026752, 0.1253551985780367, 0.11054422914628698, 0.17130704201230382, 0.14876370119191765, 0.1409202709266026, 0.12805832184109606, 0.13978060633662895, 0.1630301422939903, 0.13858931174636063, 0.11504058546272464, 0.13525350642857287, 0.11146150192788083, 0.1292153938921659, 0.11531752085655528, 0.12063614449859983, 0.13949730822492531, 0.13274887283046236, 0.1343936431575814, 0.12729055829510738, 0.13364633619478022, 0.14842796766170613, 0.13997890071165486, 0.13045313736055922, 0.14406635845750412, 0.15892914394611332, 0.13053363840455828, 0.1300431778178189, 0.1364509129577745, 0.13938197448355602, 0.11367224238126812, 0.12272014927497207, 0.09825645913560545, 0.1215979629477099, 0.1184040600149157, 0.12312793531319494, 0.14379458732799738, 0.12529597720919564, 0.16475900327831872, 0.12965167357572585, 0.13992282353954227, 0.12053482616833973, 0.14765640702855193, 0.13017833169204227, 0.13066479651216173, 0.13492365427835326, 0.16253874975500343, 0.14589032272211652, 0.11086582744059595, 0.12661132300632344, 0.1306220081823579, 0.12451806906781408, 0.12588425477858947, 0.11058067870746684, 0.12655103895915185, 0.1195625199752126, 0.11059152101344855, 0.1275337605234974, 0.16775121852318509, 0.11567973124255233, 0.1280578994294262, 0.1544689324626103, 0.1590561862085938, 0.18355898929595987, 0.16370919199642156, 0.12211692947520517, 0.15401066340432554, 0.16251860668259874, 0.13218806528015836, 0.13534679900658153, 0.15023716433223697, 0.13203824747987028, 0.14250958320489152, 0.1330844829212837, 0.10979233276658552, 0.1289054768932756, 0.18950477561296458, 0.14268407321740403, 0.12961837797212228, 0.1281420772839246, 0.1210276754716654, 0.15642787617468668, 0.13917989517093488, 0.13221664147990275, 0.16620036797688242, 0.12247693160512377, 0.12515681855960625, 0.15130038392244383, 0.11076267455787411, 0.12632837798243396, 0.15034220108204277, 0.1460008490348056, 0.10796444809329343, 0.15663675169703287, 0.1306189730995275, 0.1217170132851414, 0.10077586568814886, 0.14618070559498125, 0.14050666926464528, 0.11870870363253246, 0.09018142069189936, 0.12604229392027191, 0.12315809894262002, 0.0945477764383797, 0.11402554731462901, 0.05808764191052659, 0.07161415382959757, 0.11548843779634707, 0.044074680353694405, 0.056030633803108125, 0.09914431773249441, 0.09961367262011693, 0.07805694967585894, 0.06516185272630644, 0.05886094835309389, 0.08596363998776135, 0.07912045323949873, 0.05004418384727621, 0.10474906082538152, 0.08072956406654025, 0.07465998402359497, 0.0905235090542666]","[52.5, 57.5, 62.5, 67.5, 72.5, 77.5, 82.5, 87.5, 92.5, 97.5, 102.5, 107.5, 112.5, 117.5, 122.5, 127.5, 132.5, 137.5, 142.5, 147.5, 152.5, 157.5, 162.5, 167.5, 172.5, 177.5, 182.5, 187.5, 192.5, 197.5, 202.5, 207.5, 212.5, 217.5, 222.5, 227.5, 232.5, 237.5, 242.5, 247.5, 252.5, 257.5, 262.5, 267.5, 272.5, 277.5, 282.5, 287.5, 292.5, 297.5, 302.5, 307.5, 312.5, 317.5, 322.5, 327.5, 332.5, 337.5, 342.5, 347.5, 352.5, 357.5, 362.5, 367.5, 372.5, 377.5, 382.5, 387.5, 392.5, 397.5, 402.5, 407.5, 412.5, 417.5, 422.5, 427.5, 432.5, 437.5, 442.5, 447.5, 452.5, 457.5, 462.5, 467.5, 472.5, 477.5, 482.5, 487.5, 492.5, 497.5, 502.5, 507.5, 512.5, 517.5, 522.5, 527.5, 532.5, 537.5, 542.5, 547.5, 552.5, 557.5, 562.5, 567.5, 572.5, 577.5, 582.5, 587.5, 592.5, 597.5, 602.5, 607.5, 612.5, 617.5, 622.5, 627.5, 632.5, 637.5, 642.5, 647.5, 652.5, 657.5, 662.5]",0.11954770160408723,22.89102727696631,4.547528812518116,0.8079733013297332
PsAe,Glu,2,"[0.11510480801246974, 0.12071581061755002, 0.13022791430374034, 0.13554412558158074, 0.14641114526837218, 0.1497250946295545, 0.14644834456374517, 0.1474491347348312, 0.14551552945874482, 0.1538888512840213, 0.157082717539298, 0.15055517740785054, 0.14831996688632168, 0.18665278802701216, 0.20549855886410745, 0.17764972730038409, 0.1683481446672269, 0.1785094074773061, 0.1811617006365256, 0.17278678391461222, 0.1883510492190334, 0.18145526770795964, 0.15987910898721977, 0.18740864067027796, 0.19053061047887854, 0.19217963505689312, 0.18893249543992155, 0.15684422488653837, 0.16663988427285945, 0.17093775747409118, 0.18045537872687706, 0.1613621583381226, 0.15296413536746517, 0.17113252076081037, 0.16114902902156503, 0.19125136211751712, 0.17594418226304143, 0.17682031663999678, 0.14436040903148326, 0.13641982521447074, 0.15922742670107715, 0.13939781338597826, 0.132233487634098, 0.15863881458580797, 0.13400762694186277, 0.15453495594712724, 0.13894038819136864, 0.15775859624559824, 0.14871201350010105, 0.1360912401229297, 0.13959629563579848, 0.13122551534404156, 0.1389479256505893, 0.12516432310664619, 0.12515117380221918, 0.13107176294009468, 0.14488939840926005, 0.11821216602444921, 0.13323348718153408, 0.14467646797464195, 0.14004956211100508, 0.13009386146944618, 0.11872323290559268, 0.12241666499802671, 0.11937857720327485, 0.1262225020850025, 0.11651194068185203, 0.12328722376173201, 0.12644612920537968, 0.11681163174054948, 0.13069805244956206, 0.12385820202150002, 0.13456224365070796, 0.1270122031639257, 0.1505712797411733, 0.13555372927482892, 0.12949254682872316, 0.15527717417870154, 0.16276538361312584, 0.12984960745551186, 0.1231101627537959, 0.1418493677320743, 0.16001643956217104, 0.16742596258758655, 0.1287768497874014, 0.1518313332318012, 0.12224998719495739, 0.14187773290421096, 0.13657612008405048, 0.12103443524247522, 0.11586431345444397, 0.1343818864480966, 0.13699259609452885, 0.16118497281441288, 0.13535233708078437, 0.1422599250715114, 0.1209688727776705, 0.12431905163598105, 0.12113655187057014, 0.11989147818640822, 0.1379229372017206, 0.1202031656972761, 0.10881481333157932, 0.11333455286075787, 0.11503637011652773, 0.1105603107271318, 0.14404299834444073, 0.14078572301757955, 0.1363339219205077, 0.10650655817031209, 0.12397363371024328, 0.14379386982065834, 0.12611735559410578, 0.13682002031395818, 0.09689475141677809, 0.13404010428891697, 0.12085573394028505, 0.10755909356870104, 0.12363693872758158, 0.09990407943669262, 0.0778072310831054, 0.08610704498551099, 0.09381322084059206, 0.13534994315901072, 0.1202365516980079, 0.0714111126273975, 0.07429831823675773, 0.08942474976101726, 0.10633390005682736, 0.08646255968852005]","[52.5, 57.5, 62.5, 67.5, 72.5, 77.5, 82.5, 87.5, 92.5, 97.5, 102.5, 107.5, 112.5, 117.5, 122.5, 127.5, 132.5, 137.5, 142.5, 147.5, 152.5, 157.5, 162.5, 167.5, 172.5, 177.5, 182.5, 187.5, 192.5, 197.5, 202.5, 207.5, 212.5, 217.5, 222.5, 227.5, 232.5, 237.5, 242.5, 247.5, 252.5, 257.5, 262.5, 267.5, 272.5, 277.5, 282.5, 287.5, 292.5, 297.5, 302.5, 307.5, 312.5, 317.5, 322.5, 327.5, 332.5, 337.5, 342.5, 347.5, 352.5, 357.5, 362.5, 367.5, 372.5, 377.5, 382.5, 387.5, 392.5, 397.5, 402.5, 407.5, 412.5, 417.5, 422.5, 427.5, 432.5, 437.5, 442.5, 447.5, 452.5, 457.5, 462.5, 467.5, 472.5, 477.5, 482.5, 487.5, 492.5, 497.5, 502.5, 507.5, 512.5, 517.5, 522.5, 527.5, 532.5, 537.5, 542.5, 547.5, 552.5, 557.5, 562.5, 567.5, 572.5, 577.5, 582.5, 587.5, 592.5, 597.5, 602.5, 607.5, 612.5, 617.5, 622.5, 627.5, 632.5, 637.5, 642.5, 647.5, 652.5, 657.5, 662.5, 667.5, 672.5, 677.5, 682.5, 687.5, 692.5, 697.5]",0.12437541216476478,18.51411757648109,4.359247008713312,0.7941008538579326
PsAe,Glu,3,"[0.11448062302293614, 0.09746010924368459, 0.11405708789167145, 0.11039300484699192, 0.10636414684642834, 0.12791695959201413, 0.13169827410735252, 0.14111200798369872, 0.12555171637353651, 0.11796363435003852, 0.1180909763480034, 0.11325694803131829, 0.12194485983753277, 0.11918621963687226, 0.11551405276734553, 0.1289544856636547, 0.1386435783601085, 0.12076031049552982, 0.12044334330161677, 0.13760812225072386, 0.1276261171032818, 0.11193910000330692, 0.10089781134625533, 0.13020843356489284, 0.1177156985577494, 0.13100902342800178, 0.15611606144366644, 0.11097704971538379, 0.12984422837490123, 0.12011992607727408, 0.12298443111789911, 0.11067631110771617, 0.1206351383882877, 0.11852324607529567, 0.13335947896459585, 0.12014275006833551, 0.12971397422707714, 0.10902744446146148, 0.10874574644938768, 0.13840920859060676, 0.13913863177623662, 0.12269173771497972, 0.1140598179918066, 0.11480483082591988, 0.11817849496274324, 0.12502895017117618, 0.11791050677738846, 0.12762882373443515, 0.13214594467051682, 0.13748362920121782, 0.12722166806050023, 0.12638115443598624, 0.11232717371627608, 0.12769471950665287, 0.1134031506465771, 0.12941844544837589, 0.12801223276533874, 0.130503759298683, 0.1313175398268128, 0.12781360872486092, 0.11892741907801954, 0.1104660941804786, 0.12273532487070613, 0.13046672076856786, 0.10887577671280683, 0.13337805110326678, 0.12735006162694718, 0.12273766668488528, 0.13991573344461578, 0.15022235077524432, 0.11708041298385942, 0.1393720765357359, 0.12252245122065263, 0.12426266664416526, 0.11664278252336122, 0.11692927090094626, 0.11620950349390219, 0.12296829773916551, 0.1380373823087667, 0.13352806337193268, 0.1237095680151471, 0.12395713912853368, 0.1256209995453841, 0.1354116949503993, 0.10947275311360599, 0.1219389475386406, 0.12848298107449097, 0.13708376372838432, 0.10136376057055446, 0.129975669668344, 0.13151091042835125, 0.11621147101224659, 0.11821734108690969, 0.1252336036625196, 0.14676425348220273, 0.13119231584459884, 0.10267396098611771, 0.10041958182221114, 0.08947473607820566, 0.12131736238250614, 0.14317192819886942, 0.09688792246643484, 0.12001731168493143, 0.09601034431140353, 0.10913557265276363, 0.11960160375051952, 0.10430887548305288, 0.09141400906817719, 0.09707473395630412, 0.09370543301406106, 0.07904812754566243, 0.08103391142405922, 0.09756274652453065, 0.10554182435717602, 0.09310974508058752, 0.08361634423539555, 0.09325800452664222, 0.0911284391174681, 0.11123501281254881, 0.08308574109355897, 0.10210133283840847, 0.07269462499804362, 0.06852002381266055, 0.07473152662621664, 0.07311765716209552]","[52.5, 57.5, 62.5, 67.5, 72.5, 77.5, 82.5, 87.5, 92.5, 97.5, 102.5, 107.5, 112.5, 117.5, 122.5, 127.5, 132.5, 137.5, 142.5, 147.5, 152.5, 157.5, 162.5, 167.5, 172.5, 177.5, 182.5, 187.5, 192.5, 197.5, 202.5, 207.5, 212.5, 217.5, 222.5, 227.5, 232.5, 237.5, 242.5, 247.5, 252.5, 257.5, 262.5, 267.5, 272.5, 277.5, 282.5, 287.5, 292.5, 297.5, 302.5, 307.5, 312.5, 317.5, 322.5, 327.5, 332.5, 337.5, 342.5, 347.5, 352.5, 357.5, 362.5, 367.5, 372.5, 377.5, 382.5, 387.5, 392.5, 397.5, 402.5, 407.5, 412.5, 417.5, 422.5, 427.5, 432.5, 437.5, 442.5, 447.5, 452.5, 457.5, 462.5, 467.5, 472.5, 477.5, 482.5, 487.5, 492.5, 497.5, 502.5, 507.5, 512.5, 517.5, 522.5, 527.5, 532.5, 537.5, 542.5, 547.5, 552.5, 557.5, 562.5, 567.5, 572.5, 577.5, 582.5, 587.5, 592.5, 597.5, 602.5, 607.5, 612.5, 617.5, 622.5, 627.5, 632.5, 637.5, 642.5, 647.5, 652.5, 657.5, 662.5, 667.5, 672.5]",0.11245047943762625,22.36000880150969,5.038942717998973,0.8013872266483723
PsFu,GluT,1,"[0.07150192987113667, 0.07449789418804854, 0.0713466381704947, 0.060405767986028674, 0.06367769893323441, 0.07051479173494359, 0.07191399938147953, 0.06548589508205338, 0.07268095930098557, 0.07708063736319992, 0.07385477876881535, 0.06383090841026458, 0.07256225020438198, 0.0662273579842499, 0.06726228162214386, 0.06553116556871691, 0.06768224722807822, 0.058192361389713884, 0.07047559344868445, 0.0626651134840473, 0.062186596266921114, 0.06844619916511771, 0.06130439970722112, 0.07197608584193625, 0.0705547041052227, 0.060205152748719376, 0.06819312707562952, 0.06909111842559833, 0.06968162282808527, 0.05543589709981278]","[52.5, 57.5, 62.5, 67.5, 72.5, 77.5, 82.5, 87.5, 92.5, 97.5, 102.5, 107.5, 112.5, 117.5, 122.5, 127.5, 132.5, 137.5, 142.5, 147.5, 152.5, 157.5, 162.5, 167.5, 172.5, 177.5, 182.5, 187.5, 192.5, 197.5]",0.065441425625567,14.146841630698024,15.794081886184662,0.4682355158979515
PsFu,GluT,2,"[0.09094969259678164, 0.0999804071512051, 0.09014128132404832, 0.08817306683181912, 0.08516854903012207, 0.08871615095643885, 0.09017027502558798, 0.07820724581063328, 0.08604265395393595, 0.07756579032321406, 0.07909353401056571, 0.08284718212431177, 0.081243906077435, 0.07892390694106058, 0.06770335863827114, 0.07264831755283059, 0.07234605072172338, 0.07370645583410997, 0.07373167370088408, 0.08379130551024992, 0.07932683430127765, 0.07561272496731587, 0.07107561852616395, 0.07345805423636115, 0.07036182616115592, 0.06725397952809256, 0.0786142626233246, 0.0750454460815282, 0.06676204999707712, 0.05907718748121555, 0.07161348792795641, 0.06589180013044163]","[52.5, 57.5, 62.5, 67.5, 72.5, 77.5, 82.5, 87.5, 92.5, 97.5, 102.5, 107.5, 112.5, 117.5, 122.5, 127.5, 132.5, 137.5, 142.5, 147.5, 152.5, 157.5, 162.5, 167.5, 172.5, 177.5, 182.5, 187.5, 192.5, 197.5, 202.5, 207.5]",0.07235429735805488,12.357374770972195,13.717395413058487,0.46944318772379207
PsFu,GluT,3,"[0.06171478851522436, 0.06557194901511823, 0.06436535362032271, 0.05828448703788939, 0.06252965851736689, 0.06245252597054393, 0.06436640701553879, 0.06144471466616539, 0.05665469265946604, 0.06353371489164725, 0.06515280437597408, 0.05953562955240081, 0.06372061387646684, 0.05824566314402619, 0.07021683218712305, 0.062320908603365574, 0.06472546622065913, 0.06302972839102572, 0.06569818962099509, 0.07108238557485022, 0.07366234456437369, 0.07062130683327415, 0.06609628146219361, 0.05960648184143885, 0.06774658607828288, 0.05871562737837174, 0.05955247325166031]","[52.5, 57.5, 62.5, 67.5, 72.5, 77.5, 82.5, 87.5, 92.5, 97.5, 102.5, 107.5, 112.5, 117.5, 122.5, 127.5, 132.5, 137.5, 142.5, 147.5, 152.5, 157.5, 162.5, 167.5, 172.5, 177.5, 182.5]",0.06509430536797431,14.463742025187605,17.329720663576506,0.4533701827691938
PsFu,Glu,1,"[0.08861829200410169, 0.08141574526077677, 0.08671632235859683, 0.09080483719115431, 0.0799465808891739, 0.08724758880555002, 0.07699273496235927, 0.08387358349187224, 0.08679777524462329, 0.08757600615939225, 0.08677584581595928, 0.07737402764961511, 0.0799906827912559, 0.08624533427171288, 0.08143609995437051, 0.08347877384523564, 0.07647435453658039, 0.08319081344221392, 0.08075466796642627, 0.08243602663810937, 0.07543795658659311, 0.07503629722197286, 0.08222744867642223, 0.08342921688175164, 0.07888060426333791, 0.0756686827904997, 0.07546263897013962, 0.08284012996762452, 0.08842437715252266, 0.0867182766934356, 0.08432988504244866, 0.08222293307752473, 0.0747330072398725, 0.0775398949975825, 0.07706868506081109, 0.0911108518116792, 0.08079211526137678, 0.08309567006647371]","[52.5, 57.5, 62.5, 67.5, 72.5, 77.5, 82.5, 87.5, 92.5, 97.5, 102.5, 107.5, 112.5, 117.5, 122.5, 127.5, 132.5, 137.5, 142.5, 147.5, 152.5, 157.5, 162.5, 167.5, 172.5, 177.5, 182.5, 187.5, 192.5, 197.5, 202.5, 207.5, 212.5, 217.5, 222.5, 227.5, 232.5, 237.5]",0.0809186683368515,11.895418365462056,12.540429592548714,0.4837967746161399
PsFu,Glu,2,"[0.07299863229912755, 0.08198763530936919, 0.08426554933339504, 0.08262074496491308, 0.08256636171636306, 0.08205195926013761, 0.08290290587370673, 0.07787575507119551, 0.07496807361335976, 0.07344045682485935, 0.08512688612837443, 0.07879783968745324, 0.07561485166980782, 0.09087712589173838, 0.0783544363092097, 0.09838571392543324, 0.08306754800615021, 0.08535867018516598, 0.07932583867127167, 0.08962203921068931, 0.08082100236242919, 0.09036072528812215, 0.08847668888163049, 0.08049566671719088, 0.08643112541705214, 0.08357857788891988, 0.0855868244180213, 0.07735307689222896, 0.08403479688755479, 0.0854858847762836, 0.08762658605497434, 0.09094733783771342, 0.08396082849236734, 0.08464625034343207, 0.08950484731541938, 0.07655144562118062, 0.08502681639827792, 0.07730825282532006, 0.07535170365622852, 0.07096601766344257, 0.06999092454834112, 0.07668320934151587, 0.06194941526550569, 0.06858195691691046, 0.08334612819763425]","[52.5, 57.5, 62.5, 67.5, 72.5, 77.5, 82.5, 87.5, 92.5, 97.5, 102.5, 107.5, 112.5, 117.5, 122.5, 127.5, 132.5, 137.5, 142.5, 147.5, 152.5, 157.5, 162.5, 167.5, 172.5, 177.5, 182.5, 187.5, 192.5, 197.5, 202.5, 207.5, 212.5, 217.5, 222.5, 227.5, 232.5, 237.5, 242.5, 247.5, 252.5, 257.5, 262.5, 267.5, 272.5]",0.08060366792857156,12.779973571909927,11.958058453280238,0.5061950545033602
PsFu,Glu,3,"[0.08304587461444125, 0.09403095791570518, 0.08324047378532483, 0.07716637417989136, 0.07472262044601502, 0.07896827469877866, 0.07685668721330774, 0.08499414628282662, 0.0840748882930518, 0.08381790941001707, 0.08317307012796464, 0.07370003346696469, 0.07997345588054258, 0.07721760115726724, 0.07938980195760972, 0.0759362636725772, 0.08563706825161324, 0.07763409115368247, 0.08695968118559463, 0.08146798258015427, 0.07564892164197187, 0.07891769722386892, 0.08304175605712913, 0.08377154762515476, 0.0778149269793957, 0.0825305495172857, 0.0876676794254951, 0.0799549180589308, 0.09090306676661448, 0.07654022103370836, 0.08483287436097706, 0.08622432868591855, 0.08568198993039305, 0.09494505993601716, 0.09605994961066923, 0.09254786066100387, 0.08077675433508585, 0.07196825058040554]","[52.5, 57.5, 62.5, 67.5, 72.5, 77.5, 82.5, 87.5, 92.5, 97.5, 102.5, 107.5, 112.5, 117.5, 122.5, 127.5, 132.5, 137.5, 142.5, 147.5, 152.5, 157.5, 162.5, 167.5, 172.5, 177.5, 182.5, 187.5, 192.5, 197.5, 202.5, 207.5, 212.5, 217.5, 222.5, 227.5, 232.5, 237.5]",0.0837524386847463,11.833531541999946,12.582229141945298,0.482578946392479
S1,GluT,1,"[0.0615707920833673, 0.053644065775728236, 0.045150712551323774, 0.04603974824691489, 0.04433426742296408, 0.04838870817916169, 0.04201122609901786, 0.03984535651607561, 0.0407587862150507, 0.037932419210852206, 0.041773316656010175, 0.03664408134619187, 0.03811215832662956, 0.02833562365464397, 0.028216839592714614, 0.027752256216959103, 0.024484346226748426, 0.02452778310500094, 0.03161987729643183, 0.023796722658940388, 0.026490918995046516, 0.026200311470154523, 0.022073261660966723, 0.02354522423353459, 0.023689660795172377, 0.01949694220293726, 0.022818567143183744, 0.02005797253193727, 0.01966411327388791, 0.02573830342611329, 0.027807724157124774, 0.028893541543674163, 0.03129550109055008, 0.026817569708732666, 0.030930265126553638, 0.029419255899773424, 0.02228043529062648, 0.02155447518441848, 0.01470891822855713, 0.011179661727434393, 0.016345032535591473, 0.018625555192172294, 0.009681458949505081, 0.021490756238085867, 0.015416138681650766, 0.011513812087280556, 0.01661311330895203, 0.010271368634600372]","[52.5, 57.5, 62.5, 67.5, 72.5, 77.5, 82.5, 87.5, 92.5, 97.5, 102.5, 107.5, 112.5, 117.5, 122.5, 127.5, 132.5, 137.5, 142.5, 147.5, 152.5, 157.5, 162.5, 167.5, 172.5, 177.5, 182.5, 187.5, 192.5, 197.5, 202.5, 207.5, 212.5, 217.5, 222.5, 227.5, 232.5, 237.5, 242.5, 247.5, 252.5, 257.5, 262.5, 267.5, 272.5, 277.5, 282.5, 287.5]",0.020679589289938145,69.19066677011544,27.112644655924573,0.6742245149410347
S1,GluT,2,"[0.0482275679484293, 0.052353011828737556, 0.046221710055802626, 0.04414466506365303, 0.053559029186392555, 0.05229964948644919, 0.04590247799009524, 0.04836340931960225, 0.052169866963105695, 0.04677722829102119, 0.04349362475921187, 0.03365078470248594, 0.03798071955418618, 0.0408226067049152, 0.034103280708311985, 0.03257343648046377, 0.04001079028815004, 0.03747861493129821, 0.02974054996146746, 0.03352521200176952, 0.029195397162661278, 0.01840593836413896, 0.021737825118640808, 0.029428915848698542, 0.02467966692763287, 0.01702191031366599, 0.02707394820230058, 0.02631944184892947, 0.026740398870044386, 0.0195091099150365, 0.016514239527364007, 0.017963493174891664, 0.0233022581951206, 0.01752848309479569, 0.022015575950681574, 0.025373820920326355, 0.012408519092154945, 0.02136816434203193, 0.008954882865185526, 0.0018680409694672732, 0.0, 0.0, 0.016192939996426493, 0.022086524282875167, 0.00490656330587923, 0.0, 0.0, 0.0, 0.0, 0.0, 0.0, 0.0, 0.0, 0.0, 0.0, 0.0, 0.0, 0.0, 0.0, 0.0, 0.0, 0.0, 0.0, 0.0, 0.0, 0.0, 0.0, 0.0, 0.0]","[52.5, 57.5, 62.5, 67.5, 72.5, 77.5, 82.5, 87.5, 92.5, 97.5, 102.5, 107.5, 112.5, 117.5, 122.5, 127.5, 132.5, 137.5, 142.5, 147.5, 152.5, 157.5, 162.5, 167.5, 172.5, 177.5, 182.5, 187.5, 192.5, 197.5, 202.5, 207.5, 212.5, 217.5, 222.5, 227.5, 232.5, 237.5, 242.5, 247.5, 252.5, 257.5, 262.5, 267.5, 272.5, 277.5, 282.5, 287.5, 292.5, 297.5, 302.5, 307.5, 312.5, 317.5, 322.5, 327.5, 332.5, 337.5, 342.5, 347.5, 352.5, 357.5, 362.5, 367.5, 372.5, 377.5, 382.5, 387.5, 392.5]",0.0038621437635722434,92.22703071179606,11.571563181559329,0.7979244643296393
S1,GluT,3,"[0.09216394862784742, 0.09506139207309774, 0.08867514337024533, 0.07225615807109508, 0.09239480842334837, 0.08308636598089388, 0.07564155340676292, 0.06203446187052736, 0.06946725897311151, 0.06430935006381495, 0.06131943557526254, 0.07305703984694127, 0.06649604511954381, 0.06809156030618803, 0.06233909360773999, 0.06144202659100439, 0.051556429016723415, 0.05457532581003999, 0.05276563543444349, 0.05135387624451878, 0.05207332641110211, 0.04684888586600804, 0.04822216019642501, 0.042733992789419174, 0.04240444426381812, 0.03784284400544812, 0.04191978075683298, 0.03219227938429622, 0.027910905086806388, 0.037709753053128195, 0.04464313614791115, 0.028197598928052067, 0.026981162834314797, 0.03524830169143884, 0.02626684259223327, 0.01686868073852003, 0.02350831781170857, 0.02255109278473366, 0.036163806820767565, 0.01901453594762475, 0.01722531698935436, 0.019784162903086305, 0.01599819548138095, 0.00410716553464439, 0.004903820888878355, 0.001988181396904726, 0.007651657579637983, 0.010976909557762437, 0.01086006581356345, 0.00922699401510665, 0.007885017006862654, 0.0018193187120921653, 0.022048705626762928, 0.003914179319896402, 0.01226151061711956, 0.0]","[52.5, 57.5, 62.5, 67.5, 72.5, 77.5, 82.5, 87.5, 92.5, 97.5, 102.5, 107.5, 112.5, 117.5, 122.5, 127.5, 132.5, 137.5, 142.5, 147.5, 152.5, 157.5, 162.5, 167.5, 172.5, 177.5, 182.5, 187.5, 192.5, 197.5, 202.5, 207.5, 212.5, 217.5, 222.5, 227.5, 232.5, 237.5, 242.5, 247.5, 252.5, 257.5, 262.5, 267.5, 272.5, 277.5, 282.5, 287.5, 292.5, 297.5, 302.5, 307.5, 312.5, 317.5, 322.5, 327.5]",0.017704119138581876,228.99980118357237,13.566516775512415,0.8460040730373205
S1,Glu,1,"[0.07398519777147301, 0.08934968791117688, 0.053974536129202624, 0.0891317727536659, 0.09210053832819247, 0.14816470581676286, 0.12127626804757094, 0.1712120291679443, 0.16328503072575054, 0.16766373155596748, 0.1481530076625723, 0.16798585659974852, 0.17580929771205153, 0.14627841062611183, 0.2246415507504548, 0.2249833865980084, 0.19231303072144326, 0.2275020152908742, 0.22417042666786066, 0.2425201328337395, 0.22057563809703346, 0.18097360941016033, 0.19301046745688577, 0.1778483496463714, 0.14547998505187437, 0.10863929406703063, 0.11880938278103916]","[52.5, 57.5, 62.5, 67.5, 72.5, 77.5, 82.5, 87.5, 92.5, 97.5, 102.5, 107.5, 112.5, 117.5, 122.5, 127.5, 132.5, 137.5, 142.5, 147.5, 152.5, 157.5, 162.5, 167.5, 172.5, 177.5, 182.5]",0.18769611999992053,40.888298545600065,3.532652388596615,0.9102835930477504
S1,Glu,2,"[0.10902191186676723, 0.10529864029756436, 0.1568927415297955, 0.14380819420310526, 0.16424227638856032, 0.15861292745628688, 0.1474428791540224, 0.15909133998877478, 0.16861052661691567, 0.19092874594450168, 0.1532555129507398, 0.21615094319943834, 0.2353621985425885, 0.20357406266508507, 0.2079333936242648, 0.25894873226969767, 0.22903390011151056, 0.22436051501594606, 0.2556333083340565, 0.20085605227760686, 0.2289085793944262, 0.1540998212978422, 0.21860972570935547, 0.1907577186419045, 0.15155006837763377, 0.10761807255484694, 0.11959890238481939, 0.1623685334725394, 0.1839922600921909, 0.22148095441691046, 0.25563920190052086, 0.1950653969405726, 0.1543521001740422, 0.1385967728116744, 0.1487717278559123, 0.16551003376775855, 0.22225812263300637, 0.2438516032356858, 0.19599027447343573, 0.20772058149078101, 0.21263524349003946, 0.16309227172775695]","[52.5, 57.5, 62.5, 67.5, 72.5, 77.5, 82.5, 87.5, 92.5, 97.5, 102.5, 107.5, 112.5, 117.5, 122.5, 127.5, 132.5, 137.5, 142.5, 147.5, 152.5, 157.5, 162.5, 167.5, 172.5, 177.5, 182.5, 187.5, 192.5, 197.5, 202.5, 207.5, 212.5, 217.5, 222.5, 227.5, 232.5, 237.5, 242.5, 247.5, 252.5, 257.5]",0.1815980660690109,53.74720598334794,2.876774871508487,0.946417247939125
S1,Glu,3,"[0.04509750811967132, 0.07190645373347569, 0.08960730649009892, 0.10156452998945445, 0.07027706070417905, 0.1295412173741596, 0.1463514776400455, 0.1257905995974499, 0.11038198381301707, 0.1675478522019388, 0.15671495656242002, 0.1355897611167379, 0.17439482351079047, 0.19428422137317639, 0.2033935420569936, 0.1910630641491311, 0.2599469151277172, 0.26043836424275385, 0.22766282018508055, 0.19765938835937896, 0.22764759160792616, 0.3061130880885875, 0.30632878950656006, 0.25370689763874615, 0.2718041696372436, 0.25087461144716605, 0.23420232503574281, 0.21772198341947363, 0.15279044750197948, 0.1993036217967179, 0.21400246655692737, 0.19980631147689162, 0.18787019052764375, 0.23533876621640704, 0.20504792109204956]","[52.5, 57.5, 62.5, 67.5, 72.5, 77.5, 82.5, 87.5, 92.5, 97.5, 102.5, 107.5, 112.5, 117.5, 122.5, 127.5, 132.5, 137.5, 142.5, 147.5, 152.5, 157.5, 162.5, 167.5, 172.5, 177.5, 182.5, 187.5, 192.5, 197.5, 202.5, 207.5, 212.5, 217.5, 222.5]",0.23046220857429311,43.59101827313082,3.048782572293763,0.9245094659570271
